cnpj,abreviado,nome,classificacao
09080907000182,GENOMMA,Genomma Laboratories do Brasil LTDA,NAO_CONSIDERAR
09080907000344,GENOMMA SC,GENOMMA LABORATORIES DO BRASIL LTDA-EPP,NAO_CONSIDERAR
09080907000263,GENOMMA FIL,GENOMMA LABORATORIES DO BRASIL LTDA,NAO_CONSIDERAR
03551937000143,AMERICAN,AMERICAN FARMA DISTR FARMACEUTICA LTDA,FOB
42225938000150,CSB DROGARIA,CSB DROGARIAS SA,CIF
92665611010300,DIMED RS,DIMED S/A - DISTR DE MEDICAMENTOS,CIF
92665611014984,DIMED SC,DIMED S/A - DISTR DE MEDICAMENTOS,CIF
92665611012850,DIMED RS 1,DIMED S/A - DISTR DE MEDICAMENTOS,CIF
61940292005600,STA CRUZ PE,DISTRIBUIDORA DE MEDICAMENTOS SANTA CRUZ,FOB
61940292005520,STA CRUZ BA,DISTRIBUIDORA DE MEDICAMENTOS SANTA CRUZ LTDA,FOB
61940292005368,STA CRUZ ES,DISTRIBUIDORA DE MEDICAMENTOS SANTA CRUZ LTDA,FOB
10948085000198,GENOMMA MEX,Genomma Lab Internacional SA de C.V.,NAO_CONSIDERAR
00677858000195,ARTE NATIVA,ARTE NATIVA PRODUTOS NATURAIS LTDA,NAO_CONSIDERAR
04019475000504,BOMI,FARMA LOGISTICA E ARMAZENS GERAIS LTDA,NAO_CONSIDERAR
61940292000137,STA CRUZ SP,DISTRIBUIDORA DE MEDICAMENTOS SANTA CRUZ LTDA,FOB
61940292001290,STA CRUZ MG,DISTRIBUIDORA DE MEDICAMENTOS SANTA CRUZ LTDA,FOB
61940292005287,STA CRUZ GO,DISTRIBUIDORA DE MEDICAMENTOS SANTA CRUZ LTDA,FOB
01206820001179,PANPHARMA PE,PANPHARMA DISTRIBUIDORA DE MEDICAMENTOS LTDA,FOB
01206820000520,PANPHARMA SP,PANPHARMA DISTRIBUIDORA DE MEDICAMENTOS LTDA,FOB
01206820001098,PANARELLO RS,PANPHARMA DISTRIBUIDORA DE MEDICAMENTOS LTDA,FOB
01206820000440,PANARELLO RJ,SC DISTRIBUICAO LTDA,FOB
01206820000954,PANPHARMA PR,PANPHARMA DISTRIBUIDORA DE MEDICAMENTOS LTDA,FOB
01206820001683,PANPHARMA MT,PANPHARMA DISTRIBUIDORA DE MEDICAMENTOS LTDA,FOB
01206820000105,PANPHARMA GO,PANPHARMA DISTRIBUIDORA DE MEDICAMENTOS LTDA,FOB
01206820001500,PANPHARMA FL,PANPHARMA DIST. DE MEDICAMENTOS LTDA,FOB
01206820000792,PANARELLO DF,DISTR MEDICAMENTOS PANARELLO LTDA,FOB
01206820000369,PANPHARMA MG,PANPHARMA DISTRIBUIDORA DE MEDICAMENTOS LTDA,FOB
01206820000873,PANPHARMA BA,PANPHARMA DIST. DE MEDICAMENTOS LTDA,FOB
01206820001250,PANPHARMA AR,PANPHARMA DIST. DE MEDICAMENTOS LTDA,FOB
08675130000136,CONTCLASS,CONTCLASS SERV. DE PROC. DE DADOS LTDA,NAO_CONSIDERAR
01227675000130,ALLNET,ALLNET TELECOMUNICACOES E INFORMATICA LTDA,NAO_CONSIDERAR
54651716001150,GIMBA,SUPRICORP SUPRIMENTOS LTDA,NAO_CONSIDERAR
04718143000194,VR MEDICAL,VR MEDICAL IMPORTADORA E DISTRIBUIDORA DE PRODUTOS MEDICOS LTDA,NAO_CONSIDERAR
03688545000201,DIGITAL WORK,DIGITAL WORK COMPUTER SERVICE COMERCIAL LTDA,NAO_CONSIDERAR
61585865000151,DROGASIL,RAIA DROGASIL S.A.,CIF
61412110000236,DROGARIA SAO,DROGARIA SAO PAULO,CIF
61412110007320,DSPDIADEMA,DROGARIA SAO PAULO - DIADEMA,CIF
47410592000183,DROGAO,ORGANIZACAO FARMACEUTICA DROGAO LTDA,CIF
44463156000699,SERVIMED GO,SERVIMED COMERCIAL LTDA,CIF
44463156000184,SERVIMED SP,SERVIMED COMERCIAL LTDA,CIF
03772503000173,CEMED,CEMED COM IMP EXP E DISTRIBUICAO LTDA,NAO_CONSIDERAR
01206820001411,PANPHARMA CE,PANPHARMA DISTRIBUIDORA DE MEDICAMENTOS LTDA,FOB
61940292004710,STA CRUZ RS,DISTR MEDICAMENTOS SANTA CRUZ LTDA,FOB
61940292001702,STA CRUZ RJ,DISTR MEDICAMENTOS SANTA CRUZ LTDA,FOB
61940292000218,STA CRUZ PR,DISTRIBUIDORA DE MEDICAMENTOS SANTA CRUZ LTDA,FOB
61940292004639,STA CRUZ ARA,DISTRIBUIDORA DE MEDICAMENTOS SANTA CRUZ LTDA,FOB
04688132000109,SUDESTEFARMA,SUDESTEFARMA S.A. PRODUTOS FARMACEUTICOS,CIF
72381189000625,Dell Comput,DELL COMPUTADORES DO BRASIL,NAO_CONSIDERAR
43244631000169,TRANSP AMER,TRANSPORTADORA AMERICANA LTDA,NAO_CONSIDERAR
01206820002060,PANARELLO ES,PANPHARMA DISTRIB. DE MEDICAMENTOS LTDA,FOB
04019475000180,FARMA LOG,FARMA LOGISTICA E ARMAZENS GERAIS LTDA,NAO_CONSIDERAR
61940292005872,STA CRUZ SC,DISTR MEDICAMENTOS SANTA CRUZ LTDA,FOB
00478478000121,ABIHPEC,ASSOCIACAO BRA. DA IND. DE HIGIENE PESSOAL PERF. E COSMESTICOS - ABIPHEC,NAO_CONSIDERAR
60628369000175,RECORD,RADIO E TELEVISAO RECORD SA,NAO_CONSIDERAR
61549259003368,ONOFRE,DROGARIA ONOFRE LTDA,CIF
44463156001741,SERVIMED ES,SERVIMED COMERCIAL LTDA,CIF
01206820001764,PANARELLO MS,PANPHARMA DISTRIBUIDORA DE MEDICAMENTOS LTDA,FOB
49732175002479,Tok & Stok,ESTOK COMERCIO E REPRESENTACOES S.A.,NAO_CONSIDERAR
03262073000140,RCR,RCR REPRESENTAÇÕES E SERVIÇOS LTDA,NAO_CONSIDERAR
61585865040960,DROGASIL MG,RAIA DROGASIL MG,CIF
33438250000167,PACHECO RJ,DROGARIAS PACHECO S/A,CIF
45453214002529,PROFARMA BA,PROFARMA DISTR DE PROD FARMACÊUTICOS S/A,CIF
45453214002014,PROFARMA MG,PROFARMA DISTR DE PR0D FARMACÊUTICOS S/A,CIF
45453214002286,PROFARMA PR,PROFARMA DISTR DE PROD FARMACÊUTICOS S/A,CIF
45453214002600,PROFARMA RJ,PROFARMA DISTR DE PROD FARMACÊUTICOS S/A,CIF
45453214001395,PROFARMA SP,PROFARMA DISTR DE PROD FARMACÊUTICOS S/A,CIF
33438250026204,PACHECO MG,DROGARIAS PACHECO S/A,CIF
04570097000129,ABANO,ABANO RJ DISTRIBUIDORA LTDA,CIF
61412110030909,DSP S MATEUS,DROGARIA SAO PAULO - SAO MATEUS,CIF
45453214002367,PROFARMA DF,PROFARMA DISTR DE PROD FARMACÊUTICOS S/A,CIF
45453214001808,PROFARMA ES,PROFARMA DISTR DE PROD FARMACÊUTICOS S/A,CIF
54801535000433,IKESAKI,CENTRO METROPOLITANO DE COSMETICOS LTDA,CIF
33438250025666,PACHECO ES,DROGARIAS PACHECO S/A,CIF
04287630000140,MAIORI,MAIORI OPERADORA E LOGÍSTICA IMP E EXP,NAO_CONSIDERAR
45453214002790,PROFARMA PE,PROFARMA DISTR DE PROD FARMACÊUTICOS S/A,CIF
45453214002448,PROFARMA GO,PROFARMA DISTR DE PROD FARMACÊUTICOS S/A,CIF
06626253012400,PAGUE MENOS,EMPREENDIMENTOS PAGUE MENOS S/A,CIF
44463156002128,SERVIMED MG,SERVIMED COMERCIAL LTDA,CIF
61585865046305,DROGASIL GO,RAIA DROGASIL GO,CIF
47960950044927,MAG. LUIZA,MAGAZINE LUIZA S/A,CIF
11101147000194,MULTILOG,MULTILOG ARMAZENS GERAIS E LOGISTICA S/A,NAO_CONSIDERAR
00063960017761,WALMART PB,WALMART BRASIL LTDA,CIF
25773037000183,PHARMASCIENC,PHARMASCIENCE INDUSTRIA FARMACEUTICA EIRELI,NAO_CONSIDERAR
49732175000182,TOK,ESTOK COMERCIO E REPRESENTACOES S.A.,NAO_CONSIDERAR
07684771000275,METRO,DTD Distribuiçao e Currier Ltda,NAO_CONSIDERAR
04984598000151,GALINDO,DISTRIBUIDORA TOTAL COM E REPRESENTACAO,NAO_CONSIDERAR
45453214001042,PROFARMA SP1,PROFARMA DISTR DE PROD FARMACÊUTICOS S/A,CIF
11885540000116,ROKA BRASIL,ROKA BRASIL SOLUCOES LOGISTICAS LTDA,NAO_CONSIDERAR
06963801000139,GUARDEAQUISP,GA RJ BOTAFOGO LOCACAO DE ESPACO LTDA,NAO_CONSIDERAR
11744058000166,MIND ON,MIND ON COMUNICAÇÃO LTDA,NAO_CONSIDERAR
00063960002730,WALMART SP,WALMART BRASIL LTDA,CIF
00063960008266,WALMART MG,WMB SUPERMERCADOS DO BRASIL LTDA.,CIF
02057329000114,DIVAMED,DIVAMED IRMAOS VALOTTO DE MED. LTDA,NAO_CONSIDERAR
47508411083264,GPA SP,COMPANHIA BRASILEIRA DE DISTRIBUIÇÃO,CIF
06057223003510,SENDAS RJ 5,SENDAS DISTRIBUIDORA S/A,CIF
47508411136562,GPA PE,COMPANHIA BRASILEIRA DE DISTRIBUICAO,CIF
45453214003096,PROFARMA CE,PROFARMA DISTR PROD FARMACEUTICOS S/A,CIF
45453214003177,PROFARMA RS,PROFARMA DISTR DE PROD FARMACEUTICOS S/A,CIF
05651966000102,D CENTER,D CENTER DISTRIBUIDORA LTDA,CIF
60605664004365,RAIA SP,RAIA S/A,CIF
60605664040671,RAIA RJ,RAIA S/A,CIF
60605664036801,RAIA PR,RAIA S/A,CIF
13419716000170,TRENDBOX,TRENDBOX SERVIÇOS DE MKT LTDA,NAO_CONSIDERAR
09187372000143,SUZANLOG,SUZANLOG LOGISTICA LTDA,NAO_CONSIDERAR
48555775000150,OBRA SOCIAL,OBRA SOCIAL N S DA GLORIA FAZ ESPERANÇA,NAO_CONSIDERAR
10605999000156,DROG POPULAR,O. BRITO DE OLIVEIRA,CIF
13463802000180,WORLD IN,WORLD IN MOTION TRANSPORTES LTDA,NAO_CONSIDERAR
05997742000408,UNIMARKA,UNIMARKA DISTRIBUIDORA S/A,CIF
13838076000132,DROG POP DIS,OTILIA B. DE OLIVEIRA,NAO_CONSIDERAR
08195158000419,GALINDO AL,GALINDO DISTRIBUIDORA E REPRESENTACAO LTDA,CIF
08195158000176,GALINDO PE,GALINDO DISTRIBUIDORA E REPRESENTAÇÃO LTDA,CIF
05439479000180,GALINDO SE,GALINDO & JD DISTRIBUIDORA LTDA ME,CIF
06152350000150,GALINDO RN,IDEALFARMA COMERCIO E REPRESENTACOES DE PRODUTOS FARMACEUTICOS LTDA,CIF
00063960004350,WM LOJA1,WALMART BRASIL LTDA,NAO_CONSIDERAR
00063960006484,WM LOJA2,WALMART BRASIL LTDA,NAO_CONSIDERAR
00063960013260,WM LOJA3,WALMART BRASIL LTDA,NAO_CONSIDERAR
00063960007103,WM LOJA4,WALMART BRASIL LTDA,NAO_CONSIDERAR
00063960006808,WM LOJA5,WALMART BRASIL LTDA,NAO_CONSIDERAR
00063960011216,WM LOJA6,WALMART BRASIL LTDA,NAO_CONSIDERAR
00063960007618,WM LOJA7,WALMART BRASIL LTDA,NAO_CONSIDERAR
00063960006646,WM LOJA8,WALMART BRASIL LTDA,NAO_CONSIDERAR
00063960008002,WM LOJA9,WALMART BRASIL LTDA,NAO_CONSIDERAR
00063960019624,WM LOJA10,WALMART BRASIL LTDA,NAO_CONSIDERAR
00063960001687,WM LOJA11,WALMART BRASIL LTDA,NAO_CONSIDERAR
00063960001091,WM LOJA12,WALMART BRASIL LTDA,NAO_CONSIDERAR
00063960003620,WM LOJA13,WALMART BRASIL LTDA,NAO_CONSIDERAR
93209765030962,WM LOJA14,WALMART BRASIL LTDA,NAO_CONSIDERAR
00904606000151,MOMENTO ENG,MOMENTO ENGENHARIA AMBIENTAL LTDA,NAO_CONSIDERAR
07216054000219,J SLEIMAN,J SLEIMAN S.A. COM DE PROD DE HIGIENE E ALIMENTOS,CIF
14469133000116,INOVATEX,INDUSTRIA DE ARTEFATOS DE BORRACHAS INOVATEX LTDA,NAO_CONSIDERAR
08966925000101,GALINDO PB,FARMAUM DOS MEDICAMENTOS LTDA,CIF
08544703000192,ROGE,ROGE COMERCIO E DISTRIBUIDORA DE COSMETICOS LTDA,FOB
07399636000105,DEC MINAS,DECMINAS DISTRIBUICAO E LOGISTICA S.A,CIF
84521053000148,TAPAJOS,TAPAJOS COMERCIO DE MEDICAMENTOS LTDA,CIF
00285753000190,VENANCIO,VENANCIO PRODUTOS FARMACEUTICOS LTDA,CIF
28763118000190,NOSSA DROG,A NOSSA DROGARIA DE CAXIAS LTDA,CIF
28763118001758,NOSSA DROG F,A NOSSA DROGARIA DE CAXIAS LTDA,CIF
79430682003067,NISSEI,FARMACIA E DROGARIA NISSEI LTDA,CIF
04899316000118,IMIFARMA,IMIFARMA PRODUTOS FARMACEUTICOS E COSMETICOS SA,CIF
01342499000188,BRASVENDING,BRASVENDING COMERCIAL S.A,NAO_CONSIDERAR
04429478000192,SB,SB COMERCIO LTDA,CIF
07486620000121,DEC AMAPA,ATTACK DISTRIBUIDORA LTDA,CIF
61585865051309,RAIA DROGASI,RAIA DROGASIL S.A.,CIF
04949349000125,ANDROMACO,LABORATORIO ANDROMACO LTDA,CIF
83754234000151,BIG BENN,DISTRIBUIDORA BIG BENN S.A,CIF
13179415000116,GUARARAPES,GUARARAPES BRASIL ATACADO S/A,CIF
00000000000000,GENOMMA ARG,GENOMMA LABORATORIES ARGENTINA S.A,NAO_CONSIDERAR
14015102000195,DALL,DALL SOLUCOES ANALITICAS E EMPRESARIAIS LTDA EPP,NAO_CONSIDERAR
82873068000140,DISTRIB GAM,GENESIO A MENDES & CIA LTDA,CIF
03785066000122,REAL DEC,REAL DISTRIBUIDORA E LOGISTICA LTDA,CIF
01520248000146,DISMELO,MARQUES & MELO LTDA,CIF
06893666000100,ACCO,ACCO SCIENCE FARMACEUTICA,NAO_CONSIDERAR
01233103000326,ARCADE,MAPPEL INDUSTRIA DE EMBALAGENS S.A.,NAO_CONSIDERAR
16010431000179,SM DISTRIB,SANTA MARTA DISTRIBUIDORA DE DROGAS LTDA,CIF
09156879000130,CENTRO OESTE,CENTRO OESTE FARMA DISTR DE MEDIC LTDA,CIF
09274480000153,ROGE GO,ROGE GÓIAS DISTRIBUIDORA LTDA,FOB
07641734000107,DISTR TOT,DIST TOTAL PLUS COM E REPRES LTDA,CIF
15103047000158,DROG SANTANA,SANTANA SA DROGARIA FARMACIAS,CIF
04429478000273,SB FILIAL,SB COMERCIO LTDA,CIF
05556788000130,FORTMED,FORTMED COM DE MEDICAMENTOS LTDA,CIF
04240370000157,NOVA ERA,MERCANTIL NOVA ERA LTDA,CIF
04240370000319,MERC NOVA ER,MERCANTIL NOVA ERA LTDA,CIF
15148319000136,NET FARMA,VIRTUAFARMA COM ON LINE S/A,CIF
15148319000217,VIRTUA FIL,NETFARMA COMERCIO ON LINE S.A.,CIF
84521053000814,TAPAJOS FL,TAPAJOS COMERCIO DE MEDICAMENTOS LTDA,CIF
11976937000113,MS VINHEDO,MS VINHEDO DISTR DE MED LTDA,CIF
07516150000100,E.L.C.,E.L.C. COM DE MED FIT E HOM LTDA -EPP,CIF
02307303000268,CONAR,DEC CONAR DISTRIBUIDORA LTDA,CIF
95410163000744,PENNACCHI,PENNACHI &CIA LTDA,CIF
61585865073701,RAIA,RAIA DROGASIL S/A,CIF
61585865065954,RAIA R.J.,RAIA DROGASIL S/A,CIF
61585865065440,RAIA P.R.,RAIA DROGASIL S/A,CIF
06205895000187,ZONIS,AFFITTO TECNOLOGIA LTDA,NAO_CONSIDERAR
02033695000133,VEDAPACK EMB,VEDAPACK EMBALAGENS INDUSTRIAIS LTDA,NAO_CONSIDERAR
06144877000132,ALTO,ALTO MIUDESAS COMERCIAL LTDA,CIF
08074024000105,RD SOARES,RD SOARES & CIA LTDA,CIF
39307517000163,PRORIBEIRO,PRORIBEIRO ADM E ORGANIZ DE COMERCIO LTDA,CIF
07222185000209,GRUPO JORGE,JORGE BATISTA E CIA LTDA,CIF
07224991001026,NAZARIA,NAZARIA DISTR DE PRODS FARMACEUTICOS LTDA,CIF
07224991000992,NAZARIA PB,NAZARIA DISTRIBUIDORA DE PRODUTOS FARMACEUTICOS LTDA,CIF
07224991000135,NAZARIA CE,NAZARIA DISTRIBUIDORA DE PRODUTOS FARMACEUTICOS LTDA,CIF
07224991000640,NAZARIA MA,NAZARIA DISTRIBUIDORA DE PRODUTOS FARMACEUTICOS LTDA,CIF
07224991000720,NAZARIA PI,NAZARIA DISTRIBUIDORA DE PRODUTOS FARMACEUTICOS LTDA,CIF
07224991000801,NAZARIA RN,NAZARIA DISTRIBUIDORA DE PRODUTOS FARMACEUTICOS LTDA,CIF
07224991001298,NAZARIA PE,NAZARIA DISTR DE PRODS FARMACEUTICOS LTDA,CIF
03291717000128,UNIFARMA,UNIFARMA REDE UNIFICADA DE FARM. LTDA,CIF
84521053000300,TAPAJOS RO,TAPAJOS COMERCIO DE MEDICAMENTOS LTDA,CIF
10194833000275,GIGA,GIGA BR DISTRIBUIDOR E ATACADISTA S/A,CIF
01559455000295,UNIMED,UNIMED NORDESTE PAULISTA FEDERAÇÃO INTRAFEDERATIVA DAS COOPERATIVAS MEDICAS,NAO_CONSIDERAR
04240370000661,MERCANTIL,MERCANTIL NOVA ERA LTDA,CIF
03753945000172,ANDRADE,ANDRADE DISTRIBUIDOR LTDA,CIF
33014556018133,LOJAS AMERIC,LOJAS AMERICANAS S/A,CIF
33014556019962,LOJAS AME SP,LOJAS AMERICANAS S/A,CIF
33014556017919,LOJAS AME PE,LOJAS AMERICANAS S/A,CIF
33014556000196,LOJAS AMER,LOJAS AMERICANAS S.A,NAO_CONSIDERAR
60879848000164,ADV-Tayuyna,LABORATORIO TAYUYNA LTDA,NAO_CONSIDERAR
06098636000366,PEDRO,PEDRO DE OLIVEIRA,CIF
06098636000102,JR ATAC MA,JR COMERCIO ATACADISTA DE PRODUTOS DE HIGIENE LTDA,CIF
94296175000131,MAIS ECON,DROGARIA MAIS ECONOMICA S.A,CIF
84521053000490,TAPAJOS PA,TAPAJOS COMERCIO DE MEDICAMENTOS LTDA,CIF
84521053001381,TAPAJOS AP,TAPAJOS COMERCIO DE MEDICAMENTOS LTDA,CIF
09002381000112,M DESIGNER,INTERCONNECTED GRAFICA E EDITORA LTDA -ME,NAO_CONSIDERAR
11322774000155,NORTE SUL,NORTE SUL REAL DISTRIB E LOGIST LTDA,CIF
04257104000137,VIRTUAL PROD,VIRTUAL PRODUTOS PESSOAIS LTDA,CIF
05103939000286,ZAMBONI,ZAMBONI COMERCIAL LTDA,CIF
03688545000120,DIGITAL WOR,DIGITAL WORK COMPUTER SERVICE COMERCIAL LTDA,NAO_CONSIDERAR
19570720000706,HIPOLABOR,HIPOLABOR FARMACEUTICA LTDA,NAO_CONSIDERAR
51602654000126,ANAD,ASSOCIACAO NACIONAL DE ATENCAO AO DIABETES,NAO_CONSIDERAR
83754234013806,BIG BENN PE,DISTRIBUIDORA BIG BENN S.A,CIF
39022041000114,CHEP,CHEP DO BRASIL LTDA,NAO_CONSIDERAR
06626253063315,PAGUE M. PE,EMPREENDIMENTOS PAGUE MENOS S/A,CIF
02837536000191,CLS TECNOLOG,CLS TECNOLOGIA ANALITICA E SISTEMAS DE GESTAO LTDA,NAO_CONSIDERAR
75217794000300,JR,JR TRANSPORTES LTDA,NAO_CONSIDERAR
84487131000135,MAPEMI,MAPEMI BRASIL MATERIAIS MEDICOS E ODONTOLOGICOS LTDA,CIF
55643555000143,Rio Química,RIOQUIMICA S.A.,NAO_CONSIDERAR
04196584000173,MASTER PUMPS,MASTER PUMPS EMBALAGENS COMERCIO IMPORTACAO E EXPORTACAO LTDA,NAO_CONSIDERAR
92665611032290,DIMED ELD,DIMED S/A - DISTRIBUIDORA DE MEDICAMENTOS,CIF
92665611030750,DIMED PR,DIMED S/A - DISTR DE MEDICAMENTOS,CIF
60409075011863,NESTLE,NESTLE BRASIL LTDA,NAO_CONSIDERAR
06855263000169,TRANS. ROTAS,TRANSPORTADORA ROTAS PAULISTAS EXPRESS LTDA.ME,NAO_CONSIDERAR
02344518000178,REDE MULHER,REDE MULHER DE TELEVISAO LTDA,NAO_CONSIDERAR
33438250044539,PACHECO,DROGARIAS PACHECO S/A,CIF
11074573000186,GAMA,GAMA PACK COMERCIO E INJECAO DE PLASTICOS LTDA,NAO_CONSIDERAR
06626253057935,PAGUE M. GO,EMPREENDIMENTOS PAGUE MENOS S/A,CIF
01964690000161,TRANSPOTECH,TRANSPOTECH PECAS E SERVICOS LTDA,NAO_CONSIDERAR
00285753003459,VENANCIO P.,VENANCIO PRODUTOS FARMACEUTICOS LTDA,CIF
01858973000129,AIRELA,AIRELA IND FARMACEUTICA LTDA,NAO_CONSIDERAR
45237724000434,J MOREIRA,J MOREIRA COMERCIAL DE ALIMENTOS LTDA,CIF
05424008000107,UNILIDER,UNILIDER DISTRIBUIDORA S/A,NAO_CONSIDERAR
10583555000167,TECNOFES,TECNOFES COMERCIO E SERVICOS LTDA ME,NAO_CONSIDERAR
17352172000127,PLK,PLK LOG COMERCIAL E IMPORTADORA - EIRELI,CIF
11032063000146,AEROCOSMETIC,AERO COSMETIC IND E COM DE AEROSSOIS E COSMETICOS LTDA ME,NAO_CONSIDERAR
60979457001606,AACD,ASSOCIACAO DE ASSISTENCIA A CRIANCA DEFICIENTE,NAO_CONSIDERAR
00482914000136,NORTESUL,NORTE SUL MEDICAMENTOS LTDA,CIF
08473312000124,CONEXAO,CONEXAO MARITIMA SERVIÇOS LOGISTICOS S/A,NAO_CONSIDERAR
00080249000154,RESCAROLI,RESCAROLI COM DE GAS E AGUA LTDA,NAO_CONSIDERAR
05285777000163,AUTO,AUTO MOEMA IMPORTS COMERCIO DE VEICULOS LTDA,NAO_CONSIDERAR
05637940000100,DALLA,DALLA COMERCIO E AUTOMAÇÃO LTDA EPP,NAO_CONSIDERAR
46179008000168,BRASTERAPICA,BRASTERAPICA IND FARMACEUTICA LTDA,NAO_CONSIDERAR
82873068000573,GAM DIST.,GENESIO A MENDES & CIA LTDA,CIF
03551937000224,AMERICAN AL,AMERICAN FARMA DISTR FARMACEUTICA LTDA,FOB
49698723000103,MCASSAB,MCASSAB COMERCIO E INDUSTRIA LTDA,NAO_CONSIDERAR
04899316025293,IMIFARMA CE,IMIFARMA PRODUTOS FARMACEUTICOS E COSMETICOS SA,CIF
04656253000179,MARIOL,UNITHER INDUSTRIA FARMACEUTICA LTDA,NAO_CONSIDERAR
66715459000260,CENTROFLORA,ANIDRO DO BRASIL EXTRAÇÕES S.A. (GRUPO CENTROFLORA),CIF
16991148000175,FARMALOG,FARMALOG LOGISTICA DE PRDOUTOS DE HIGIENE LIMPEZA E MEDICAMENTOS LTDA,CIF
01129971000107,SAFIRA,SAFIRA COMÉRCIO E SERVIÇOS DE INFORMATICA LTDA,NAO_CONSIDERAR
64154461000100,NEW TECHNIC,NTA-NEW TECHNICAL ASSISTANCE SERVIÇO COMERCIO IMPORTACAO E EXPORTACAO LTDA.,NAO_CONSIDERAR
09408965000192,MULTILOG.,PRIMEINVEST EMPREENDIMENTOS IMOBILIARIOS S A,NAO_CONSIDERAR
00160488000203,LATINTEL,LATINTEL TELECOMUNICAÇÕES LTDA,NAO_CONSIDERAR
46179008000320,BRASTERAPIC,BRASTERAPICA IND FARMACEUTICA LTDA,NAO_CONSIDERAR
11016450000350,SRM,SRM INDUSTRIALIZAÇÃO LTDA - ME,NAO_CONSIDERAR
15103047018529,SANTANA,SANTANA SA DROGARIA FARMACIAS,CIF
45569555000197,CATALENT SOR,CATALENT BRASIL LTDA,NAO_CONSIDERAR
93209765023672,WM CDPINHAIS,WALMART BRASIL LTDA,CIF
93209765000621,WM CD P AL,WALMART BRASIL LTDA,CIF
45237724000191,J MOREIRA2,J MOREIRA COMERCIAL DE ALIMENTOS LTDA,CIF
94296175023425,MAIS ECON2,DROGARIA MAIS ECONOMICA S.A,CIF
25102146001493,IRMAOS MATTA,IRMAOS MATTAR & CIA LTDA,CIF
53502910000139,GRAMENSE,DISTR DE PROD FARM GRAMENSE LTDA,CIF
82641606000170,GRAFICA 43,43 S.A GRÁFICA E EDITORA,NAO_CONSIDERAR
61412110052384,DSP S OSASCO,DROGARIA SAO PAULO S.A,CIF
00680933000339,COOTRAVAL SP,COOPERATIVA DOS TRANSPORTADORES DO VALE - COOTRAVALE,NAO_CONSIDERAR
00680933000410,COOTRAVAL SC,COOPERATIVA DOS TRANSPORTADORES DO VALE - COOTRAVALE,NAO_CONSIDERAR
39346861045343,CENCOSUD,CENCOSUD BRASIL COMERCIAL LTDA,CIF
60664828004325,ATLAS SC,EMPRESA DE TRANSPORTES ATLAS LTDA,NAO_CONSIDERAR
45543915056489,CARREFOUR PE,CARREFOUR COMERCIO E INDUSTRIA LTDA,CIF
45543915027977,CARREFOUR DF,CARREFOUR COMERCIO E INDUSTRIA LTDA,CIF
45543915026733,CARREFOUR RJ,CARREFOUR COMERCIO E INDUSTRIA LTDA,CIF
45543915013089,CARREFOUR MG,CARREFOUR COMERCIO E INDUSTRIA LTDA,CIF
45543915005574,CARREFOUR RS,CARREFOUR COMERCIO E INDUSTRIA LTDA,CIF
45543915022827,CARREFOUR AM,CARREFOUR COMERCIO E INDUSTRIA LTDA,CIF
45543915007518,CARREFOUR SP,CARREFOUR COMERCIO E INDUSTRIA LTDA,CIF
07639029000167,TAC TRANSPOR,TAC TRANSPORTES E ARMAZÉNS GERAIS LTDA,NAO_CONSIDERAR
08299045000110,AMR FOMENTO,AMR FOMENTO MERCANTIL LTDA,NAO_CONSIDERAR
50935436002003,JUNDIAI LOG,EXPRESSO JUNDIAI LOGISTICA E TRANSPORTE LTDA,NAO_CONSIDERAR
11676923000265,FMAISPAR,FMAISPAR DIST E LOG DE PROD DE HIGIENE E LIMPEZA LTDA,CIF
45543915006384,CARREFOUR OS,CARREFOUR COMERCIO E INDUSTRIA LTDA,CIF
11030240000155,JKM,JKM TRANSPORTES LOGISTICA E ARMAZENAGEM LTDA,CIF
61549259005301,ONOFRE BARUE,DROGARIA ONOFRE LTDA,CIF
61381554000170,RAZZO,RAZZO LTDA,NAO_CONSIDERAR
22883829000112,BRASIL PORTO,RC LOGISTICA E TRANSPORTES LTDA,NAO_CONSIDERAR
01956134000143,NILO SC,NILO TOZZO DISTRIBUIDORA LTDA,CIF
61074662000109,HENRIFARMA,HENRIFARMA PRODUTOS QUÍMICOS E FARMACÊUTICOS,NAO_CONSIDERAR
78663788000960,MANN MATRIZ,TRANSPORTE MANN LTDA,NAO_CONSIDERAR
01956134000658,NILO FILIAL,NILO TOZZO & CIA LTDA,CIF
39346861000161,CENCOSUD II,CENCOSUD BRASIL COMERCIAL LTDA,CIF
58506155001741,MIRA,MIRA OTM TRANSPORTES LTDA,NAO_CONSIDERAR
58506155000184,MIRA SP,MIRA OTM TRANSPORTES LTDA,NAO_CONSIDERAR
10970887000102,FEDEX PE,FEDEX BRASIL LOGISTICA E TRANSPORTE LTDA,NAO_CONSIDERAR
60409075047035,NESTLE 1,NESTLE BRASIL LTDA,NAO_CONSIDERAR
05590025000106,LEMA,LEMA COMERCIO DE VEICULOS LTDA,NAO_CONSIDERAR
14211104000150,SERVFARMA,DROGARIA SERVIFARMA COM DE MEDICAMENTOS LTDA,CIF
39346861037910,CENCOSUD III,CENCOSUD BRASIL COMERCIAL LTDA,CIF
61412110066768,DSPOSASCO II,DROGARIA SAO PAULO S A,CIF
52134798001563,INTEC SP,INTEGRAÇÃO NACIONAL DE TRANSPORTES DE ENCOMENDAS E CARGAS LTDA,NAO_CONSIDERAR
07224991001379,NAZARIA PA,NAZARIA DISTR DE PRODS FARMACEUTICOS LTDA,CIF
66471517000177,DPC,DPC DISTRIBUIDOR ATACADISTA S/A,CIF
66471517001734,DPC II,DPC DISTRIBUIDOR ATACADISTA S/A,CIF
66471517000924,DPC III,DPC DISTRIBUIDOR ATACADISTA S/A,CIF
47079496000102,MARALOG,MARALOG DISTRIBUIÇÃO S/A,CIF
47079496000790,MARALOG II,MARALOG DISTRIBUIÇÃO S/A,CIF
79028502000180,LECLAIR,LECLAIR INDÚSTRIA E COMÉRCIO DE PERFUMES E COSMÉTICOS LTDA,CIF
61412110062002,DSP BA,DROGARIA SAO PAULO S A,CIF
05756446000164,LENÇOBRAS,LENÇOBRÁS INDUSTRIA E COMERCIO DE LENCOS UMEDECIDOS LTDA.,NAO_CONSIDERAR
04340523000138,SERVFARMASP,SERVFARMA SERVICOS DE ATENDIMENTO LTDA,NAO_CONSIDERAR
05958411000108,OKAJIMA,OKAJIMA DISTRIBUIÇÃO E COMERCIO LTDA,CIF
61585865134000,DROGASIL PE,RAIA DROGASIL S.A,CIF
76343748000159,AB PLAST,AB PLAST MANUFATURADOS PLASTICOS,NAO_CONSIDERAR
04660567000145,TBC,TBC PERFUMES E COSMETICOS LTDA,NAO_CONSIDERAR
45453214003681,PROFARMA PB,PROFARMA DISTR DE PR0D FARMACÊUTICOS S/A,CIF
84521053006502,TAPAJOS GUAJ,TAPAJOS COMERCIO DE MEDICAMENTOS LTDA,CIF
06029901000192,FAMA,FAMA DISTRIBUIÇÃO E LOGISTICA LTDA,CIF
15391651000127,DNC,DNC COMÉRCIO E DISTRIBUIÇÃO EIRELI,CIF
14273817000148,CABRAL,CABRAL E SOUSA LTDA,CIF
04558754000112,M BURTETT,M BURTETT COM DE VEICULOS LTDA,NAO_CONSIDERAR
83646984006906,ANGELONI,A.ANGELONI & CIA LTDA,CIF
04054534000151,DILNOR,DILNOR - DISTRIBUICAO E LOGISTICA DO NORDESTE LTDA,CIF
03775813000141,NORDIL,NORDIL NORDESTE DISTRIBUICAO E LOGISTICA LTDA,CIF
03775813000222,NORDIL II,NORDIL NORDESTE DISTRIBUICAO E LOGISTICA LTDA,CIF
07987265000174,RB DISTRIB,RB DISTRIBUIDORA E COMERCIO DE CONSUMO MED E MERCA EM GERAL LTDA,CIF
07987265000255,RB DISTRIB I,RB DISTRIBUIDORA E COMERCIO DE CONSUMO MED E MERCA EM GERAL LTDA,CIF
18928881000251,FARMASEMPRE,FARMASEMPRE LOGISTICA DE PROD DE HIGIENE LIMP E MEDIC LTDA,CIF
22417427000122,JR ATACADIST,J R ATACADISTA DE PRODUTOS DE HIGIENE LTDA,CIF
33304981000110,SUP MUNDIAL,SUPERMERCADOS MUNDIAL LTDA,CIF
17159943000164,LQF,LQF LABORATORIO QUIMICO FARMACEUTICO RIO PRETO EIRELI - ME,NAO_CONSIDERAR
79028502000342,LECLAIR CD,LECLAIR INDÚSTRIA E COMÉRCIO DE PERFUMES E COSMÉTICOS LTDA,NAO_CONSIDERAR
04552888000126,BIO SCIENTIF,BIO SCIENTIFIC INDUSTRIA COSMETICOS LTDA,NAO_CONSIDERAR
47508411254417,GPA RJ II,COMPANHIA BRASILEIRA DE DISTRIBUIÇÃO,CIF
76089549000166,COML ESMERAL,COMERCIAL ESMERALDA LTDA,CIF
33130543002207,GUANABARA,CASAS GUANABARA COMESTIVEIS LTDA,CIF
10612134000117,ACTION BR,ACTION BR SOLUCOES EM PROMOCOES LTDA,NAO_CONSIDERAR
03112879000666,SASCAR II,SASCAR TECNOLOGIA E SEGURANCA AUTOMOTIVA SA,NAO_CONSIDERAR
16519945000154,CONTLOG,CONTLOG TRANSPORTES LTDA ME,NAO_CONSIDERAR
27093558004293,MILLS,"MILLS LOCACAO, SERVICOS E LOGISTICA S.A.",NAO_CONSIDERAR
06626253087508,PAGUE M. BA,EMPREENDIMENTOS PAGUE MENOS S/A,CIF
14685488000142,ARTLOG,A. T. L ARMAZENAGEM E MANUSEIO DIVERSOS EIRELI - ME,NAO_CONSIDERAR
00850928000246,TRANSCUNHASP,TRANSCUNHA LTDA,NAO_CONSIDERAR
43336056000124,CONGRAF,INDUSTRIA E COMERCIO GRAFICA CONSELHEIRO LTDA,NAO_CONSIDERAR
04899316034284,IMIFARMA PA,IMIFARMA PRODUTOS FARMACEUTICOS E COSMETICOS SA,CIF
00285753002568,VENANCIO RJ,VENANCIO PRODUTOS FARMACEUTICOS LTDA,CIF
09944196000147,ELEMENTUM,ELEMENTUM LABORATORIO DE CONTROLE DE QUALIDADE LTDA - ME,NAO_CONSIDERAR
12241369000256,CLIF,CENTRO LOGISTICO INTEGRADO FASTCARGO S.A,NAO_CONSIDERAR
13475001000134,GLAMBOX,B4A COMERCIO DE COSMETICOS E SERVIÇOS S A,CIF
10970887001095,FEDEX SE,FEDEX BRASIL LOGISTICA E TRANSPORTE S/A,NAO_CONSIDERAR
49975923000310,LOJAS LIVIA,LOJAS LIVIA COSMETICOS LTDA,CIF
54375647003738,DROGAL,DROGAL FARMACEUTICA LTDA,CIF
74222563000160,SINTER,SINTER FUTURA LTDA.,NAO_CONSIDERAR
88085485001500,PLIMOR SC2,TRANSPORTADORA PLIMOR LTDA,NAO_CONSIDERAR
88085485004959,PLIMOR SP4,TRANSPORTADORA PLIMOR LTDA,NAO_CONSIDERAR
05206070000114,FAB. DE IDEI,FABRICA DE IDEIAS INDUSTRIA E COMERCIO DE DISPLAYS LTDA,NAO_CONSIDERAR
61585865163298,RAIA BA,RAIA DROGASIL S.A.,CIF
45884582000154,ABC ASS.,ASSOCIAÇÃO BRASILEIRA DE COSMETOLOGIA,NAO_CONSIDERAR
01695000000540,KGT SC,KGT TRANSPORTES LTDA - EPP,NAO_CONSIDERAR
10555731000238,DYSCAMP GO,DYSCAMP COMERCIO DE COSMETICOS EIRELI,FOB
10555731000157,DYSCAMP,DYSCAMP COMERCIO DE COSMETICOS EIRELI,FOB
28045448000140,ROGE PR,ROGE BELEZA COMERCIO E DISTRIBUIDORA DE COSMETICOS LTDA,FOB
07259339000156,LS LOG,LS LOG ARMAZENAGEM E LOGISTICA LTDA,NAO_CONSIDERAR
54801535001081,CENTRO METRO,CENTRO METROPOLITANO DE COSMETICOS LTDA,CIF
47960950000121,MAGAZINE LU.,MAGAZINE LUIZA S/A,CIF
61940292006410,STA CRUZ PB,DISTRIBUIDORA DE MEDICAMENTOS SANTA CRUZ LTDA,FOB
05151226000107,EXPRES MINAS,EXPRESSO MINAS FRIOS LTDA,NAO_CONSIDERAR
00462691000145,UPS II,UPS SCS LOGISTICA BRASIL LTDA,NAO_CONSIDERAR
60665981000703,UNIAO QUIMIC,UNIAO QUIMICA FARMACEUTICA NACIONAL S A,NAO_CONSIDERAR
11291682000155,PAR. DOS AMI,TRANSPORTES E LOGÍSTICA PARADA DOS AMIGOS,NAO_CONSIDERAR
67171678000450,TECMACH,"TECMACH LOCACAO DE BENS MOVEIS, SERVICOS E COMERCIO LTDA",NAO_CONSIDERAR
07936410000198,ALINE MARQUE,ALINE MARQUES CONSULTORIA DE COMUNICAÇÃO LTDA,NAO_CONSIDERAR
05141242000119,AUTOHANDEL,AUTOHANDEL VEICULOS LTDA,NAO_CONSIDERAR
60665981000975,UNIAO QUIMI,UNIAO QUIMICA FARMACEUTICA NACIONAL S A,NAO_CONSIDERAR
04334187000110,NANOVETORES,NANOVETORES TECNOLOGIA S/A,NAO_CONSIDERAR
08915723000122,PRESS KITS,PRESS KITS CRIATIVOS EIRELI ME,NAO_CONSIDERAR
67171678000299,TECMACH1,"TECMACH LOCACAO DE BENS MOVEIS, SERVICOS E COMERCIO LTDA",NAO_CONSIDERAR
06099229000101,UNIP,ASSUPERO ENSINO SUPERIOR LTDA - UNIVERDADE PAULISTA - UNIP,NAO_CONSIDERAR
33014556088425,LOJAS AME MG,LOJAS AMERICANAS S/A,CIF
00634453001303,TSV SC,TSV TRANSPORTES RAPIDOS LTDA,NAO_CONSIDERAR
01149980000151,SET NET,SET NET ARMAZENAMENTO LOGISTICO LTDA,NAO_CONSIDERAR
28189078000115,DYSCAMP SP,DYSC BEAUTY COMÉRCIO E DISTRIBUIDORA DE COSMETICOS LTDA,FOB
88212113016014,SÃO JOÃO,COMERCIO DE MEDICAMENTOS BRAIR LTDA,CIF
06626253119809,PAGUE M. MG,EMPREENDIMENTOS PAGUE MENOS S/A,CIF
21372384000143,LOGIC PHARMA,LOGIC PHARMA LOGISTICA E ARMAZENS GERAIS LTDA,NAO_CONSIDERAR
22359813000105,DURACELL,DURACELL COMERCIAL E IMPORTADORA DO BRASIL LTDA,NAO_CONSIDERAR
07224991001530,NAZARIA PI 2,NAZARIA DISTR DE PRODS FARMACEUTICOS LTDA,CIF
61412110095350,DSP GO,DROGARIA SAO PAULO S A,CIF
04054511000147,EMPITEC,EMPITEC COMERCIAL LTDA,NAO_CONSIDERAR
05651966001508,D CENTER ES,D CENTER DISTRIBUIDORA LTDA,CIF
02558157079753,TELEFONIC BR,TELEFONICA BRASIL S.A. EMBU,NAO_CONSIDERAR
44363661000580,GLENMARK 2,GLENMARK FARMACEUTICA LTDA.,NAO_CONSIDERAR
05958411000299,OKAJIMA II,OKAJIMA DISTRIBUIÇÃO E COMERCIO LTDA,CIF
61549259006545,ONOFRE RJ,DROGARIA ONOFRE LTDA,CIF
61940292004981,STA CRUZ OLI,DISTRIBUIDORA DE MEDICAMENTOS SANTA CRUZ LTDA,FOB
13472512000100,MILANO IND,MILANO SERVICOS LTDA,NAO_CONSIDERAR
32934245000182,PRESTIGE LTD,PRESTIGE SERVIÇOS EMPRESARIAIS LTDA,NAO_CONSIDERAR
97422620000150,BOMPREÇO BA,BOMPRECO BAHIA SUPERMERCADOS LTDA,CIF
13004510025840,BOMPREÇO PE,BOMPRECO SUPERMERCADOS DO NORDESTE LTDA,CIF
06057223036877,SENDAS SP,SENDAS DISTRIBUIDORA S A,CIF
22557790000143,MY BEAUTY,MY BEAUTY LAB INDUSTRIA E COMERCIO DE COSMÉTICOS EIRELI EPP,NAO_CONSIDERAR
11590488000332,SK RENTAL,SK RENTAL LOCAÇÃO DE EQUIPAMENTOS LTDA,NAO_CONSIDERAR
06281578000140,EMPI,EMPILHADEIRAS ITAJAÍ LTDA,NAO_CONSIDERAR
11590488000251,SK RENTAL PR,SK RENTAL LOCACAO DE EQUIPAMENTOS LTDA,NAO_CONSIDERAR
18328050000168,MAQBUSCA,MAQBUSCA LOCAÇÃO DE MAQUINAS E EQUIPAMENTOS LTDA ME,NAO_CONSIDERAR
00285753001324,VENANCIO ES,VENANCIO PRODUTOS FARMACEUTICOS LTDA,CIF
45453214002952,PROFARMA AL,PROFARMA DISTR DE PROD FARMACÊUTICOS S/A,CIF
06225952000190,ICARO EXPRES,ICARO EXPRESS LOGISITICS LTDA,NAO_CONSIDERAR
11193841000189,HILLO MG,HILLO COMERCIAL DO BRASIL LTDA,CIF
61585865212841,RAIA CE,RAIA DROGASIL S.A.,CIF
61585865184295,RAIA SP II,RAIA DROGASIL S/A,CIF
07471771000106,POSTAL,POSTAL TRANSPORTES E ARMAZENAGEM,NAO_CONSIDERAR
19426695000104,ANOVIS,ANOVIS INDUSTRIAL FARMACEUTICA LTDA.,NAO_CONSIDERAR
05022999000193,MNEMONIK,MNEMONIK COMUNICAÇÃO INTEGRADA LTDA,NAO_CONSIDERAR
07667439000383,IBIAPINA,COMERCIAL IBIAPINA LTDA,CIF
33381019000184,PRESTIGERP,PRESTIGERP EVENTOS,CIF
04899316053661,IMIFARMA SP,IMIFARMA PRODUTOS FARM E COSM SA,CIF
34095293000150,PRESTIGE RP,PRESTIGE RP EVENTOS 5 LTDA,NAO_CONSIDERAR
07224991001700,NAZARIA MA 2,NAZARIA DISTR DE PRODS FARMACEUTICOS LTDA,CIF
61585865223100,RAIA SP 2,RAIA DROGASIL S/A,CIF
82873068000735,GAM PR,GENESIO A MENDES & CIA LTDA,CIF
22104606000100,CRA MAIS,GRECO E GUERREIRO - SP ENVASE LTDA.,NAO_CONSIDERAR
13485130000294,ANB,PHARMA LOG PRODUTOS FARMACEUTICOS EIRELI,CIF
84466424000136,DUNORTE,DUNORTE DIST DE PRODUTOS DE CONSUMO LTDA,CIF
34427999000171,DYSCAMP ES,PWS DISTRIBUIDORA DE COSMÉTICOS LTDA,FOB
18496652000124,ECOJOG,ECOJOG AMBIENTAL LTDA,CIF
01287021000100,ATHENAS,ATHENAS INDÚSTRIA E TERCEIRIZAÇÃO DE COSMÉTICOS,NAO_CONSIDERAR
02029746000234,BELLA PLUS,INDUSTRIAL E COMERCIAL BELLA PLUS LTDA,NAO_CONSIDERAR
07224991001883,NAZARIA PE 2,NAZARIA DISTR DE PRODS FARMACEUTICOS LTDA,CIF
10696062000133,LD COMERCIO,LD COMERCIO DE MATERIAIS PARA DIAGNOSTICO,NAO_CONSIDERAR
95591723012710,TNT-PEJAB,TNT MERCURIO CARGAS E ENCOMENDAS EXPRESSAS LTDA,NAO_CONSIDERAR
06057223036796,SENDAS PR 1,SENDAS DISTRIBUIDORA S A,CIF
06057223024780,SENDAS PR 2,SENDAS DISTRIBUIDORA S A,CIF
06057223034904,SENDAS PR 3,SENDAS DISTRIBUIDORA S A,CIF
06057223029900,SENDAS PR 4,SENDAS DISTRIBUIDORA S A,CIF
06057223027452,SENDAS PR 5,SENDAS DISTRIBUIDORA S A,CIF
06057223040041,SENDAS PI,SENDAS DISTRIBUIDORA S A,CIF
06057223039388,SENDAS AP,SENDAS DISTRIBUIDORA S A,CIF
04429478000435,SB PA,SB COMERCIO LTDA,CIF
06057223031808,SENDAS DF,SENDAS DISTRIBUIDORA S A,CIF
06057223031999,SENDAS DF 1,SENDAS DISTRIBUIDORA S A,CIF
06057223032022,SENDAS DF 2,SENDAS DISTRIBUIDORA S A,CIF
06057223034157,SENDAS DF 3,SENDAS DISTRIBUIDORA S A,CIF
06057223037172,SENDAS MG,SENDAS DISTRIBUIDORA S A,CIF
06057223039116,SENDAS PI 1,SENDAS DISTRIBUIDORA S A,CIF
06057223036443,SENDAS SE,SENDAS DISTRIBUIDORA S A,CIF
06057223040475,SENDAS SE1,SENDAS DISTRIBUIDORA S A,CIF
06057223029072,SENDAS MT,SENDAS DISTRIBUIDORA S A,CIF
06057223028262,SENDAS MT 2,SENDAS DISTRIBUIDORA S A,CIF
06057223039701,SENDAS PA,SENDAS DISTRIBUIDORA S A,CIF
06057223031050,SENDAS RN,SENDAS DISTRIBUIDORA S A,CIF
06057223032103,SENDAS PA 2,SENDAS DISTRIBUIDORA S A,CIF
06057223039620,SENDAS PA 3,SENDAS DISTRIBUIDORA S A,CIF
06057223022655,SENDAS CE,SENDAS DISTRIBUIDORA S A,CIF
06057223033347,SENDAS RJ,SENDAS DISTRIBUIDORA S A,CIF
06057223028858,SENDAS PE,SENDAS DISTRIBUIDORA S A,CIF
06057223036010,SENDAS BA,SENDAS DISTRIBUIDORA S A,CIF
06057223037687,SENDAS PA 4,SENDAS DISTRIBUIDORA S A,CIF
06057223035129,SENDAS PA 5,SENDAS DISTRIBUIDORA S A,CIF
06057223030674,SENDAS AL,SENDAS DISTRIBUIDORA S A,CIF
06057223038497,SENDAS AL 4,SENDAS DISTRIBUIDORA S A,CIF
06057223034238,SENDAS PI 2,SENDAS DISTRIBUIDORA S A,CIF
06057223029153,SENDAS MT 1,SENDAS DISTRIBUIDORA S A,CIF
06057223035552,SENDAS MG 1,SENDAS DISTRIBUIDORA S A,CIF
06057223030836,SENDAS PB 1,SENDAS DISTRIBUIDORA S A,CIF
06057223023031,SENDAS GO 1,SENDAS DISTRIBUIDORA S A,CIF
06057223030089,SENDAS AM 1,SENDAS DISTRIBUIDORA S A,CIF
13485130000103,PHARMA LOG,PHARMA LOG PRODUTOS FARMACEUTICOS LTDA,CIF
06057223038900,SENDAS AM 2,SENDAS DISTRIBUIDORA S A,CIF
06057223021926,SENDAS CE 1,SENDAS DISTRIBUIDORA S A,CIF
06057223029668,SENDAS PB 2,SENDAS DISTRIBUIDORA S A,CIF
06057223034319,SENDAS GO 3,SENDAS DISTRIBUIDORA S A,CIF
06057223037253,SENDAS GO 4,SENDAS DISTRIBUIDORA S A,CIF
06057223032375,SENDAS GO 5,SENDAS DISTRIBUIDORA S A,CIF
06057223022906,SENDAS GO 6,SENDAS DISTRIBUIDORA S A,CIF
06057223036958,SENDAS GO 7,SENDAS DISTRIBUIDORA S A,CIF
06057223040203,SENDAS RO 1,SENDAS DISTRIBUIDORA S A,CIF
06057223039469,SENDAS AL 2,SENDAS DISTRIBUIDORA S A,CIF
06057223039205,SENDAS GO 8,SENDAS DISTRIBUIDORA S A,CIF
06057223040394,SENDAS PR,SENDAS DISTRIBUIDORA S A,CIF
06057223036362,SENDAS AM 3,SENDAS DISTRIBUIDORA S A,CIF
06057223030240,SENDAS MS 1,SENDAS DISTRIBUIDORA S A,CIF
06057223030321,SENDAS MS 2,SENDAS DISTRIBUIDORA S A,CIF
06057223030917,SENDAS MS 3,SENDAS DISTRIBUIDORA S A,CIF
06057223034419,SENDAS GO 10,SENDAS DISTRIBUIDORA S A,CIF
44463156002551,SERVIMED MS,SERVIMED COMERCIAL LTDA,CIF
07575651000159,GOL,GOL LINHAS AEREAS,NAO_CONSIDERAR
28327684000150,AMAZON TRANS,RRS SERVIÇOS AUXILIARES DE TRANSPORTES AÉREO,NAO_CONSIDERAR
09549223000187,ROBERTO C,ROBERTO CARLOS BELINA ME,CIF
01436319000208,NOVA RIOTEL,NOVA RIOTEL EMPREENDIMENTOS HOTELEIROS LTDA,CIF
01206820002655,PANARELLO PA,PANPHARMA DISTRIBUIDORA DE MEDICAMENTOS LTDA,FOB
06057223040122,SENDAS MA 1,SENDAS DISTRIBUIDORA S A,CIF
25102146006614,IRM MATTAR,IRMAOS MATTAR & CIA LTDA,NAO_CONSIDERAR
06274825000180,BR HUB TRADE,BR HUB TRADE,CIF
06057223041013,SENDAS MS 4,SENDAS DISTRIBUIDORA S A,CIF
33014556091990,LOJAS AM SP2,LOJAS AMERICANAS S/A,CIF
33014556179145,LOJAS AM RS,LOJAS AMERICANAS S/A,CIF
33014556082060,LOJAS AM RJ,LOJAS AMERICANAS S/A,CIF
33014556178505,LOJAS AM MG,LOJAS AMERICANAS S/A,CIF
33014556179498,LOJAS AM PA,LOJAS AMERICANAS S/A,CIF
11635171000456,TAKEDA,TAKEDA DISTRIBUIDORA LTDA,NAO_CONSIDERAR
01239313000160,EPOCA COSM,CAMPOS FLORIDOS COMERCIO DE COSMETICOS LTDA,CIF
11724258000157,BELEZA.COM,BELEZA.COM COM DE PROD. DE BELEZA E SERV CABELEREIROS S/A,CIF
05054671002526,LIDER COMER,LIDER COMERCIO E INDUSTRIA LTDA,CIF
57508426000844,COOP,COOP - COOPERATIVA DE CONSUMO,CIF
10877246000108,DISLAB SP,DISLAB COMERCIAL FARMACEUTICA LTDA,CIF
17715064000171,DISLAB GO,DISLAB GO COMERCIAL FARMACEUTICA LTDA,CIF
31872495000172,BANCO C6,BANCO C6 S/A,CIF
64963044000108,FARMA DELIVE,FARMACLUBE DROGARIAS LTDA,CIF
01239313000402,EPOCA COSME,CAMPOS FLORIDOS COMERCIO DE COSMETICOS LTDA,CIF
06052228000101,CENTRAL ÚNIC,CENTRAL ÚNICA DAS FAVELAS DO RIO DE JANEIRO,NAO_CONSIDERAR
06057223040556,SENDAS,SENDAS DISTRIBUIDORA S/A,CIF
07399636002817,CD DEC MINAS,DECMINAS DISTRIBUIÇÃO E LOGÍSTICA SA.,CIF
06057223041285,SENDAS CE 2,SENDAS DISTRUIBUIDORA S/A,CIF
06057223041609,SENDAS MA 2,SENDAS DISTRUIBUIDORA S/A,CIF
06057223041102,SENDAS MA 3,SENDAS DISTRUIBUIDORA S/A,CIF
61940292006500,STA CRUZ RN,DISTRIBUIDORA DE MEDICAMENTOS SANTA CRUZ LTDA,FOB
19351498000165,CUFA SP,CLUBE DA COMUNIDADE PARQUE SANTO ANTONIO (P.S.A.),NAO_CONSIDERAR
88085485000104,PLIMOR RS4,TRANSPORTADORA PLIMOR LTDA,NAO_CONSIDERAR
33014556150163,LOJAS AME RJ,LOJAS AMERICANAS S.A,CIF
33014556186273,LOJAS AME PR,LOJAS AMERICANAS S.A,CIF
06057223042095,SENDAS RJ 1,SENDAS DISTRIBUIDORA S.A,CIF
01520248000227,DISMELO AM,MARQUES & MELO LTDA,CIF
06057223034408,SENDAS GO 11,SENDAS DISTRIBUIDORA S A,CIF
07272350000156,POP TRADE,POP TRADE MARKETING E CONSULTORIA LTDA,NAO_CONSIDERAR
47960950034450,MAGALU MG,MAGAZINE LUIZA S A,CIF
47960950075725,MAGALU PB,MAGAZINE LUIZA S A,CIF
47960950041901,MAGALU RS,MAGAZINE LUIZA S A,CIF
47960950003902,MAGALU SP,MAGAZINE LUIZA S A,CIF
47960950058804,MAGALU SP 4,MAGAZINE LUIZA S A,CIF
21551379000793,BECTON,BECTON DICKINSON INDUSTRIAS CIRURGICAS LTDA,NAO_CONSIDERAR
61585865242244,RAIA RS,RAIA DROGASIL S.A.,CIF
29011429000166,IBIAPINA CE,MED MAIS SAUDE LTDA,CIF
10812314000142,NUTRISENIOR,"NUTRISENIOR INDUSTRIA, COMERCIO, IMPORTACAO E EXPORTACAO DE PRODUTOS",NAO_CONSIDERAR
00501618000135,SESTINI,SESTINI MERCANTIL LTDA,NAO_CONSIDERAR
47508411251906,GPA RJ III,COMPANHIA BRASILEIRA DE DISTRIBUIÇÃO,CIF
18233211002698,FLBR - SC,"FL BRASIL HOLDING, LOGISTICA E TRANSPORTE LTDA",NAO_CONSIDERAR
04125363000104,BARONG,INSTITUTO CULTURAL BARONG,NAO_CONSIDERAR
76360874000111,INPLAVEL,INPLAVEL INDUSTRIA DE PLÁSTICOS LTDA,NAO_CONSIDERAR
50662246000105,FIABILA,FIABILA BRASIL LTDA IND. DE COMESTICOS LTDA,NAO_CONSIDERAR
43214055000107,MARTINS,MARTINS COMERCIO E SERVICOS DE DISTRIBUICAO S A,FOB
43214055001774,MARTINS AM,MARTINS COMERCIO E SERVICOS DE DISTRIBUICAO S A,FOB
43214055001189,MARTINS BA,MARTINS COMERCIO E SERVICOS DE DISTRIBUICAO S A,FOB
43214055004013,MARTINS GO,MARTINS COMERCIO E SERVICOS DE DISTRIBUICAO S A,FOB
43214055002665,MARTINS MA,MARTINS COMERCIO E SERVICOS DE DISTRIBUICAO S A,FOB
57508426007695,COOP SP,COOP COOPERATIVA DE CONSUMO,CIF
57508426007776,COOP SP 2,COOP COOPERATIVA DE CONSUMO,CIF
60409075054082,NESTLE NOVO,NESTLE BRASIL LTDA,NAO_CONSIDERAR
04899316035175,IMIFARMA MA,IMIFARMA PRODUTOS FARMACEUTICOS E COSMETICOS SA,CIF
08873972000100,GIGANTO,GIGANTO ON LINE IMP E COMERCIO LTDA,CIF
06057223041870,SENDAS MT 3,SENDAS DISTRIBUIDORA S A,CIF
61940292006259,STA CRUZ MT,DISTRIBUIDORA DE MEDICAMENTOS SANTA CRUZ LTDA,FOB
45453214003843,PROFARMA RN,PROFARMA DISTR DE PROD FARMACÊUTICOS S/A,CIF
33014556186192,LOJAS AME BA,LOJAS AMERICANAS S/A,CIF
34320383000105,CRUZ & CRUZ,CRUZ & CRUZ IMPORTAÇÃO E EXPORTAÇÃO DE COSMETICOS LTDA,CIF
84305440000147,LAR E JUVENT,INSTITUTO LAR E JUVENTUDE DE ASSISTENCIA E EDUCACAO,NAO_CONSIDERAR
43575877000466,DROGARIA NOV,DROGARIA NOVA ESPERANÇA EIRELI,CIF
07122223000170,FARMIX,FARMIX DISTRIBUIDORA DE MEDICAMENTOS,CIF
07179544000101,ABC,ABC EMPILHADEIRAS LTDA,NAO_CONSIDERAR
07224991002006,NAZARIA MA 3,NAZARIA DISTR DE PRODS FARMACEUTICOS LTDA,CIF
33041260159430,VIA VAREJO,VIA VAREJO S/A,CIF
33041260094711,VIA VAREJO 2,VIA VAREJO S/A,CIF
33041260048604,VIA VAREJO 3,GRUPO CASAS BAHIA S.A.,CIF
33041260146371,VIA VAREJO 4,VIA VAREJO S/A,CIF
33014556186435,LOJAS AM CE,LOJAS AMERICANAS S/A-,CIF
03007331000818,EBAZAR,EBAZAR.COM.BR.LTDA,CIF
35933374000144,SHOPPER 2,SHOPPER COMERCIO BEAUTY LTDA,CIF
37953357000102,LA CASA,LA CASA CRIATIVA LTDA,NAO_CONSIDERAR
92665611051162,DIMED PR 2,DIMED S/A - DISTRIBUIDORA DE MEDICAMENTOS,CIF
47960950166607,MAGALU RJ,MAGAZINE LUIZA S A,CIF
09080907000506,GENOMMA MG,GENOMMA LABORATORIES DO BRASIL LTDA,NAO_CONSIDERAR
89141329000186,REQUIPEL,REQUIPEL COMERCIAL DE EQUIPAMENTOS LTDA,NAO_CONSIDERAR
15436940000367,AMAZON SP,AMAZON SERVICOS DE VAREJO BRASIL LTDA,CIF
15436940000448,AMAZON SP 2,AMAZON SERVICOS DE VAREJO BRASIL LTDA,CIF
15436940000871,AMAZON SP 3,AMAZON SERVICOS DE VAREJO BRASIL LTDA,CIF
15436940001096,AMAZON DF,AMAZON SERVICOS DE VAREJO BRASIL LTDA,CIF
15436940000952,AMAZON MG,AMAZON SERVICOS DE VAREJO BRASIL LTDA,CIF
15436940000529,AMAZON PE,AMAZON SERVICOS DE VAREJO BRASIL LTDA,CIF
15436940001177,AMAZON RS,AMAZON SERVICOS DE VAREJO BRASIL LTDA,CIF
06057223042508,SENDAS MT 4,SENDAS DISTRIBUIDORA S A,CIF
17438997000169,PRATIKA,K LOGISTICA LTDA,CIF
62327663000172,FUND ARNALDO,FUNDAÇÃO ARNALDO VIEIRA DE CARVALHO,CIF
12787333000191,B.DROPS S.A.,B.DROPS S.A.,NAO_CONSIDERAR
14131317000171,ALCANCE,ALCANCE LOCAÇÃO E COMÉRCIO DE MÁQUINAS LTDA.,NAO_CONSIDERAR
07586045000139,YEP SOLUTION,RB CODE-COMERCIO E SERVICOS DE PRODUTOS E SOLUCOES EM TI LTDA,NAO_CONSIDERAR
04429478017915,SB BELEM,SB COMERCIO LTDA,CIF
04921401000135,LAB SYSTEM,INSTITUTO LAB SYSTEM DE PESQUISAS E ENSAIOS LTDA,NAO_CONSIDERAR
06057223043148,SENDAS AC,SENDAS DISTRIBUIDORA S/A,CIF
11724258000580,BELEZA PR,BELEZA.COM COM DE PROD. DE BELEZA E SERV CABELEREIROS S/A,CIF
05999089000246,DISLAB ES,DISLAB COMERCIAL FARMACEUTICA LTDA,CIF
06057223043571,SENDAS AM 4,SENDAS DISTRIBUIDORA S A,CIF
01323588000187,DPA LOGISTIC,DPA LOGISTICA APLICADA E TRANSPORTES LTDA,NAO_CONSIDERAR
04820606000124,GIROTRADE,GIROTRADE S A,CIF
08241229000120,MILFARMA,MILFARMA COMERCIAL LTDA,CIF
28641104000102,CIFORTE,CIFORTE COMERCIO INTERNACIONAL E NACIONAL LTDA,CIF
29113570000170,FILL CONTENT,DMV LOCACOES LTDA,NAO_CONSIDERAR
15769911000155,MKT LOG,MKT LOG LOGISTICA INTEGRADA LTDA,NAO_CONSIDERAR
84487131000640,MAPEMI RR,MAPEMI BR MAT MEDICOS E ODONT LTDA,CIF
06057223044110,SENDAS GO 9,SENDAS DISTRIBUIDORA S A,CIF
61940292006682,STA CRUZ AM,DISTRIBUIDORA DE MEDICAMENTOS SANTA CRUZ LTDA,FOB
00857492000217,SOGAMAX,SOGAMAX DISTRIBUIDORA DE PRODUTOS FARMACEUTICOS LTDA,CIF
66471517000843,DPC ES,DPC DISTRIBUIDOR ATACADISTA S/A,CIF
23955016000153,MV,MV COMERCIAL FARMACEUTICA LTDA,CIF
07430231000184,CMW,CMW SAÚDE & TECNOLOGIA IMPORTAÇÃO E EXPORTAÇÃO LTDA,CIF
07122223000251,FARMIX BA,FARMIX DISTRIBUIDORA DE MEDICAMENTOS,CIF
20918597000165,ATC,ATC  ATACADO E COSMETICO EIRELLI,CIF
07586045000210,RB-CODE,RB CODE-COMERCIO E SERVICOS DE PRODUTOS E SOLUCOES EM TI LTDA,NAO_CONSIDERAR
06057223046163,SENDAS PI 3,SENDAS DISTRIBUIDORA S A,CIF
06057223043733,SENDAS CE 3,SENDAS DISTRUIBUIDORA S/A,CIF
82873068000654,GAM DIST ES,GENESIO A MENDES & CIA LTDA,CIF
32873543000100,DINAMICA GO,DINAMICA GOIAS ATACADO DISTRIBUIDORA LTDA,CIF
11869763000190,DINAMICA DF,DINAMICA  ATACADO E DIST DE COSMETICOS E LOGISTICA LTDA,CIF
10829506000161,ROGE SP,ROGE INTERG COM E DIST DE ALIMENTOS LTDA,FOB
06057223045353,SENDAS PR 6,SENDAS DISTRIBUIDORA S A,CIF
17256512002917,ARAUJO,DROGARIA ARAUJO S A,CIF
06057223044462,SENDAS MT 5,SENDAS DISTRIBUIDORA S A,CIF
34479153000185,JUSSARA,JUSSARA SOUTO DE AZEVEDO,CIF
02110967000151,DROGAMED,DROGARIA E PERFUMARIA SADIVA LTDA,CIF
24583557000322,SHOPPER COME,SHOPPER COMERCIO ALIMENTICIO LTDA,CIF
03007331001032,EBAZAR MG,EBAZAR.COM.BR. LTDA,CIF
04737552004397,MART MINAS,MART MINAS DISTRIBUICAO LTDA,CIF
06057223047488,SENDAS CURIT,SENDAS DISTRIBUIDORA S A,CIF
00776574172526,LOJAS AME SJ,AMERICANAS S.A,CIF
00776574172283,LOJAS AM CE1,AMERICANAS S.A.,CIF
00776574172607,LOJAS AM RS1,AMERICANAS S.A.,CIF
00776574171554,LOJAS AM RJ1,AMERICANAS S.A.,CIF
00776574083698,LOJAS AM RJ2,AMERICANAS S.A.,CIF
00776574172011,LOJAS AME ES,AMERICANAS S.A.,CIF
00776574107031,LOJAS AM PE1,AMERICANAS S.A.,CIF
00776574146010,LOJAS AM SP1,AMERICANAS S.A.,CIF
00776574175703,LOJAS AME DF,AMERICANAS S.A.,CIF
00776574081300,LOJAS AM RJ3,AMERICANAS S.A.,CIF
00776574172100,LOJAS AM BA1,AMERICANAS S.A.,CIF
00776574152177,LOJAS AM MG1,AMERICANAS S.A.,CIF
00776574171988,LOJAS AM MG2,AMERICANAS S.A.,CIF
00776574172364,LOJAS AM PA1,AMERICANAS S.A.,CIF
00776574172445,LOJAS AM PA2,AMERICANAS S.A.,CIF
00776574171805,LOJAS AM SP3,AMERICANAS S.A.,CIF
00776574171716,LOJAS AM SP4,AMERICANAS S.A.,CIF
06057223047640,SENDAS MG 2,SENDAS DISTRIBUIDORA S A,CIF
40002510000112,RASGA PRECO,COMERCIAL FERNANDES VIEIRA LTDA,CIF
60665981000118,União Qui SP,União Quimica Farmaceutica Nacional SA,NAO_CONSIDERAR
02543945001319,ULTRAFARMA,ULTRAFARMA SAUDE LTDA,CIF
59610485000188,BISPHARMA  E,BISPHARMA  EMBALAGENS  LTDA.,NAO_CONSIDERAR
01375753000144,RODOBORGE SP,RODOBORGES EXPRESS E LOGISTICA INTEGRADA LTDA,NAO_CONSIDERAR
01125797002402,ATIVA -SP3,ATIVA DISTRIBUICAO E LOGISTICA LTDA,NAO_CONSIDERAR
01125797000701,ATIVA - SP2,ATIVA DISTRIBUICAO E LOGISTICA LTDA,NAO_CONSIDERAR
92665611026133,DIMED ES,DIMED S/A - DISTRIBUIDORA DE MEDICAMENTOS,CIF
02177560000141,IBA INSTITU,IBA - INSTITUTO BENEFICENTE ACONCHEGO,NAO_CONSIDERAR
08698543000640,NATUS FARMA,NATUS FARMA COMERCIO DE MEDICAMENTOS LTDA,CIF
07224991001964,NAZARIA MA 4,NAZARIA DISTR DE PRODS FARMACEUTICOS LTDA,CIF
06057223044705,SENDAS RO 2,SENDAS DISTRIBUIDORA S A,CIF
01125797000116,ATIVA - SP1,ATIVA DISTRIBUICAO E LOGISTICA LTDA,NAO_CONSIDERAR
31590792000125,EPNB Empresa,EPNB EMPRESA DE PRODUTOS NUTRACEUTICOS DO BRASIL LTDA,NAO_CONSIDERAR
06057223043903,SENDAS MG 3,SENDAS DISTRIBUIDORA S A,CIF
06057223045272,SENDAS BA 1,SENDAS DISTRIBUIDORA S A,CIF
06057223046910,SENDAS BA 2,SENDAS DISTRIBUIDORA S A,CIF
06057223045191,SENDAS BA 3,SENDAS DISTRIBUIDORA S A,CIF
79430682025540,NISSEI PR 1,FARMACIA E DROGRARIA NISSEI S.A - FL 973,CIF
16778270000168,BALOODESIGN,"BALOODESIGN PUBLICIDADE, DESIGN E MARKETING LTDA",NAO_CONSIDERAR
06057223047216,SENDAS MG 4,SENDAS DISTRIBUIDORA S A,CIF
17917577000165,RECIFE FARMA,RECIFE FARMA LTDA,CIF
06057223052724,SENDAS BA1,SENDAS DISTRIBUIDORA S A,CIF
07648380000114,CUFA - MG,CENTRAL ÚNICA DAS FAVELAS DE MINAS GERAIS,NAO_CONSIDERAR
40709383000196,CUFA - SP,HELIÓPOLIS FORTE,NAO_CONSIDERAR
01206820002493,PANPHARMA AL,PANPHARMA DIST. DE MEDICAMENTOS LTDA,FOB
21659253000222,QUALIDOC,QUALIDOC FARMACIA DIGITAL LTDA,CIF
07224991002189,NAZARIA PI 3,NAZARIA DIST DE PROD FARMACEUTICOS LTDA,CIF
18233211003406,FLBR - GRU,"FL BRASIL HOLDING, LOGISTICA E TRANSPORTE LTDA",NAO_CONSIDERAR
07213420001096,MANTIQUEIRA,MANTIQUEIRA DISTRIBUIDORA DE PRODUTOS DE HIGIENE LTDA,CIF
05999089000165,DISLAB RJ,DISLAB COMERCIAL FARMACEUTICA LTDA,CIF
33971496000108,MASTER VERDE,GOOXXY BRASIL S.A.,CIF
05607657000801,SCANSOURCESC,SCANSOURCE BRASIL DISTRIBUIDORA DE TECNOLOGIAS LTDA.,NAO_CONSIDERAR
06057223046759,SENDAS SP 2,SENDAS DISTRIBUIDORA S A,CIF
18233211007576,FEMSA-EXP2,"FL BRASIL HOLDING, LOGISTICA E TRANSPORTE LTDA.",NAO_CONSIDERAR
06057223053100,SENDAS CE 4,SENDAS DISTRIBUIDORA S A,CIF
06057223053020,SENDAS CE 5,SENDAS DISTRIBUIDORA S A,CIF
06057223052996,SENDAS CE 6,SENDAS DISTRIBUIDORA S A,CIF
06057223053372,SENDAS DF 4,SENDAS DISTRIBUIDORA S A,CIF
06057223054344,SENDAS GO 12,SENDAS DISTRIBUIDORA S A,CIF
45453214003924,PROFARMA SP2,PROFARMA DISTR DE PROD FARMACÊUTICOS S/A,CIF
44463156002802,SERVIMED PR,SERVIMED COMERCIAL LTDA,CIF
95591723012982,TNT-RNNAT,TNT MERCURIO CARGAS E ENCOMENDAS EXPRESSAS LTDA,NAO_CONSIDERAR
32279934000109,ANDRADE FIG,ANDRADE FIGUEREDO MEDICAMENTOS LTDA,CIF
84583129001212,RD FARMA,REDE DE LOGISTICA FARMACEUTICA DINAMICA LTDA,CIF
20739844000166,MODENA,MODENA & SILVA LTDA,CIF
95591723018409,FEDEX- TNT,TNT MERCURIO CARGAS E ENCOMENDAS EXPRESSAS LTDA,NAO_CONSIDERAR
95591723016201,TNT - PAANA,TNT MERCURIO CARGAS E ENCOMENDAS EXPRESSAS LTDA,NAO_CONSIDERAR
95591723012478,TNT-ALMCZ,TNT MERCURIO CARGAS E ENCOMENDAS EXPRESSAS LTDA,NAO_CONSIDERAR
95591723011900,TNT-BASSA,TNT MERCURIO CARGAS E ENCOMENDAS EXPRESSAS LTDA,NAO_CONSIDERAR
95591723013288,TNT-MASLZ,TNT MERCURIO CARGAS E ENCOMENDAS EXPRESSAS LTDA,NAO_CONSIDERAR
95591723013369,TNT-PITHE,TNT MERCURIO CARGAS E ENCOMENDAS EXPRESSAS LTDA,NAO_CONSIDERAR
06057223049006,SENDAS MG 5,SENDAS DISTRIBUIDORA S A,CIF
13311080000148,VALE DAS ACA,DISTRIBUIDORA VALE DAS ACÁCIAS LTDA,CIF
79022877000133,JOHNMAR,JOHNMAR COMERCIO E REPRESENTACOES LTDA,CIF
06057223054000,SENDAS DF 5,SENDAS DISTRIBUIDORA S A,CIF
06057223052643,SENDAS DF 6,SENDAS DISTRIBUIDORA S A,CIF
06057223053968,SENDAS TO,SENDAS DISTRIBUIDORA S A,CIF
66471517002382,DPC SC,DPC DISTRIBUIDOR ATACADISTA S/A,CIF
01520248000499,DISMELO RR,MARQUES & MELO LTDA,CIF
12471040000109,CRISTIAN VIE,CRISTIAN VIEIRA NUNES,NAO_CONSIDERAR
02831172000132,KOCH,KOCH HIPERMERCADO S/A,CIF
06057223055588,SENDAS RJ 2,SENDAS DISTRIBUIDORA S A,CIF
08030363000696,NORDESTAO,SUPERMERCADO NORDESTAO LTDA,CIF
45623882000180,LILA LEMOS,LILA LEMOS REPRESENTACOES LTDA,NAO_CONSIDERAR
18902047000106,COPEMI,BELPORTO COSMETICOS LTDA,CIF
47183281000129,MC REPRESENT,MC REPRESENTACAO,NAO_CONSIDERAR
23806587000126,SHIMA REPRES,SHIMA REPRESENTACOES LTDA,NAO_CONSIDERAR
45289573000115,2ZN REPRESEN,2ZN REPRESENTACOES DE PRODUTOS ALIMENTIC,NAO_CONSIDERAR
19039861000101,D MELO COMER,D MELO COMERCIO E REPRESENTACAO LTDA,NAO_CONSIDERAR
32145879000156,FT CONSULTIN,FT DISTRIBUIDORA E REPRESENTACAO LTDA,CIF
34480288000160,V2FARMA,QUBIT MARKETPLACE DISTRIB E COM LTDA,CIF
34480288000241,V2FARMA MG,QUBIT MARKETPLACE DISTRIB E COM LTDA,CIF
66438011000166,DISTRIMED,DIST CENTRO OESTE DE MEDICAMENTOS LTDA,CIF
06057223051752,SENDAS MG 6,SENDAS DISTRIBUIDORA S A,CIF
06057223051329,SENDAS MG 7,SENDAS DISTRIBUIDORA S A,CIF
44463156002713,SERVIMED RJ,SERVIMED COMERCIAL LTDA,CIF
37752864000250,NOVUS,V N FERNANDES SOLUÇÕES DE ECOMMERCE,CIF
43015537000219,PROFARMA RJ2,PROFARMA DISTR DE PROD HIGIE E BELEZA LTDA,CIF
49698723003110,MCASSAB.COM,M.CASSAB COMERCIO E INDUSTRIA LTDA,NAO_CONSIDERAR
06057223053615,SENDAS RJ 3,SENDAS DISTRIBUIDORA S/A,CIF
06057223051400,SENDAS RJ 4,SENDAS DISTRIBUIDORA S/A,CIF
21571888000192,STAR BRASIL,STAR BRASIL DISTRIBUIDORA DE PRODUTOS LTDA,CIF
61585865288660,RAIA MT,RAIA DROGASIL S/A,CIF
35298827000370,RIOGRANDENSE,RIOGRANDENSE DISTRIBUIDORA LTDA,CIF
62321138000220,GRECO & GUER,GRECO & GUERREIRO LTDA,NAO_CONSIDERAR
45453214004068,PROFARMA PE2,PROFARMA DISTR. DE PROD. FARMACEUTICOS SA,CIF
66438011000328,DISTRIMED 2,DIST CENTRO OESTE DE MEDICAMENTOS LTDA,CIF
70089974000179,CADAN,COMERCIAL VITA NORTE LTDA,CIF
70089974000330,CADAN FILIAL,COMERCIAL VITA NORTE LTDA,CIF
38221229000129,VITALY RJ,VITALY DISTR. PROD. HOSP. ALIM. E COSMETICOS LTDA,CIF
37953982000146,B2BX,B2BX REPRESENTACAO LTDA,NAO_CONSIDERAR
14197457000142,ECOBRAZ,ASSOCIACAO AUXILIO A RECICLAGEM DE ELETRONICOS E INCLUSAO DIGITAL - ECOBRAZ,NAO_CONSIDERAR
02831172001104,KOCH FILIAL,KOCH HIPERMERCADO S/A,CIF
15072873000187,M. R. CARDOS,M. R. CARDOSO OLIVEIRA E CIA LTDA,NAO_CONSIDERAR
34580109000167,CH&F MULTI,CH&F MULTI REPRESENTACOES LTDA,NAO_CONSIDERAR
30986545000180,ARTHELO REPR,ARTHELO REPRESENTACOES LTDA,NAO_CONSIDERAR
11914445000101,DIO MARKETIN,DIO BERKANA MARKETING COMUNICACAO VIAGENS E CONGRESSOS LTDA,CIF
45143101000150,ELDORADO ES,ELDORADO DISTRIBUICAO DE BENS DE CONSUMO E DE HIGIENE PESSOAL LTDA.,CIF
35590976000146,CAROLINA SAM,CAROLINA SAMPAIO GOES MANHAES DE ALMEIDA LTDA.,NAO_CONSIDERAR
42235326000148,AROLE COMERC,AROLE COMERCIO E REPRESENTACOES LTDA,NAO_CONSIDERAR
01206820003112,PANPHARMA PI,PANPHARMA DISTRIBUIDORA DE MEDICAMENTOS LTDA,FOB
04240370001986,NOVA ERA 2,MERCANTIL NOVA ERA LTDA,CIF
35298827000450,RIOGRAND PB,RIOGRANDENSE DISTRIBUIDORA LTDA,CIF
10970887015045,FEDEX - CE,FEDEX BRASIL LOGISTICA E TRANSPORTE LTDA,NAO_CONSIDERAR
03753945000415,ANDRADE SE,ANDRADE DISTRIBUIDOR LTDA,CIF
01206820003031,PANPHARMA OD,PANPHARMA DIST. DE MEDICAMENTOS LTDA,FOB
14741172000120,ZAMBONI RJ,MIX CERTO DISTRIBUIDORA DE COSMETICOS ALIMENTOS E LIMPEZA LTDA,CIF
42023451000194,LA PLAGE BEA,LA PLAGE BEACH TENNIS & SPORTS LTDA,NAO_CONSIDERAR
06698001000219,MB 5 ES,MB5 - COMERCIO IMPORTACAO E EXPORTACAO LTDA,CIF
42996278000100,TRACK&FIELD,SKALIL COMERCIO DE ROUPAS E ACESSORIOS ESPORTIVOS LTDA,NAO_CONSIDERAR
06057223027703,SENDAS SP 3,SENDAS DISTRIBUIDORA S/A,CIF
38036306000170,AR3 GESTAO,AR3 GESTAO E SERVICOS LTDA,NAO_CONSIDERAR
03520924000107,INVICTA MA,INVICTA PRODUTOS FARMACEUTICOS LTDA,CIF
07216054000642,J SLEIMAN CE,J SLEIMAN S.A. COMERCIO DE PRODUTOS DE HIGIENE E ALIMENTOS,CIF
34831119000128,REIS REPRESE,REIS REPRESENTACAO COMERCIAL LTDA,NAO_CONSIDERAR
83483230000186,SELBETTI TEC,SELBETTI TECNOLOGIA S.A,NAO_CONSIDERAR
45027395000154,DAKI SP,DAKI CD BARUERI LTDA.,CIF
43977505000113,DAKI MG,DAKI BELO HORIZONTE LTDA,CIF
44072235000164,DAKI RJ,DAKI CD VASCO DA GAMA LTDA,CIF
09256138000120,SOTON FARMA,SOTON FARMA LTDA,CIF
06057223055154,SENDAS MG 8,SENDAS DISTRIBUIDORA S/A,CIF
06103531000196,TATICA MKT,TATICA - MARKETING ESPORTIVO LTDA,NAO_CONSIDERAR
46054219000840,SOLFARMA,SOLFARMA COMERCIO DE PRODUTOS FARMACEUTICOS S.A.,CIF
11137051080783,BOTICARIO PR,BOTICARIO PRODUTOS DE BELEZA LTDA,CIF
17745613007163,BAHAMAS MG,SUPERMERCADO BAHAMAS S/A,CIF
22959521000103,CH REPRESENT,CH REPRESENTACOES E ASSESSORIA LTDA,NAO_CONSIDERAR
20139426000138,OLIVEIRA LEA,OLIVEIRA & LEAO REPRESENTACOES COMERCIAIS LTDA,NAO_CONSIDERAR
44768755000106,OLIVEIRA TRE,OLIVEIRA E TRENTO ASSESSORIA E REPRESENTACAO LTDA,NAO_CONSIDERAR
50533947000136,IMPERIO SALV,E S MAIA SALVADOS,CIF
21448508000127,TFSPORTS,TFSPORTS EVENTOS ESPORTIVOS LTDA.,NAO_CONSIDERAR
34931544000199,TENNIS EXPER,JM-CCM-RR COMERCIO E SERVICOS - LTDA,NAO_CONSIDERAR
61585865288406,RAIA PA,RAIA S/A,CIF
23698102000128,SL SERVICOS,SL SERVICOS E ORGANIZACAO DE EVENTOS LTDA,NAO_CONSIDERAR
01157555000104,TENDA SP,TENDA ATACADO SA,CIF
01157555001186,TENDA SP 2,TENDA ATACADO SA,CIF
61940292007069,STA CRUZ RJ2,DISTRIBUIDORA DE MEDICAMENTOS SANTA CRUZ LTDA,FOB
23637077001063,V2FARMA GO,P. SEVERINI NETTO COMERCIAL LTDA,CIF
30843329000185,IMPACTO,IMPACTO EVENTOS E PROMOCOES LTDA,NAO_CONSIDERAR
84487131000801,MAPEMI RO,MAPEMI - BRASIL MATERIAIS MEDICOS E ODONTOLOGICOS LTDA,CIF
00462691001974,UPS III,UPS DO BRASIL REMESSAS EXPRESSAS LTDA,NAO_CONSIDERAR
08450457000100,EPOCA MG,EPOCA COMERCIO E DISTRIBUICAO DE PRODUTOS ALIMENTICIOS E INDUSTRIALIZADOS LTDA,CIF
03007331002438,EBAZAR SP,EBAZAR.COM.BR. LTDA,CIF
34480288000403,V2FARMA SP,QUBIT MARKETPLACE DISTRIBUIDORA E COMERCIO LTDA,CIF
72381189001435,DELL SP,DELL COMPUTADORES DO BRASIL LTDA,NAO_CONSIDERAR
28525600000516,MODENA PA,DROGARIA MODENA LTDA,CIF
27311109000104,SOORETAMA,SOORETAMA COMERCIO DE PRODUTOS ALIMENTICIOS LTDA,CIF
61940292007220,STA CRUZ ES2,DISTRIBUIDORA DE MEDICAMENTOS SANTA CRUZ LTDA,FOB
01206820003465,PANPHARMAES2,PANPHARMA DISTRIBUIDORA DE MEDICAMENTOS LTDA,FOB
27875805000135,YVA PACK,YVA PACK INDUSTRIA E COMERCIO LTDA,NAO_CONSIDERAR
84487131000720,MAPEMI RO 2,MAPEMI - BRASIL MATERIAIS MEDICOS E ODONTOLOGICOS LTDA,CIF
08623909000108,TRADE LOG,"TRADE WAY TRANSPORTES, SERVICOS, DISTRIBUICAO E COMERCIO LTDA",NAO_CONSIDERAR
02029746000315,BELLA PLUS 2,INDUSTRIAL E COMERCIAL BELLA PLUS LTDA,NAO_CONSIDERAR
01206820003201,PANPHARMACE2,SC DISTRIBUICAO LTDA,FOB
01206820003546,PANPHARMAMG2,PANPHARMA DISTRIBUIDORA DE MEDICAMENTOS LTDA,FOB
61940292007301,STA CRUZ MG2,DISTRIBUIDORA DE MEDICAMENTOS SANTA CRUZ LTDA,FOB
09384473000104,DECONSULT,DECONSULT MARKETING LTDA,NAO_CONSIDERAR
42150391005059,BRASKEM,BRASKEM S.A,NAO_CONSIDERAR
47234681000116,ADT MKT,ADT COMUNICACAO E MARKETING LTDA,NAO_CONSIDERAR
15135338001019,T.GLOBO IMP,T. GLOBO IMPORTACAO E EXPORTACAO LTDA,NAO_CONSIDERAR
82873068000816,GAM DIST. DF,GENESIO A MENDES & CIA LTDA,CIF
61940292006925,STA CRUZ ODE,DISTRIBUIDORA DE MEDICAMENTOS SANTA CRUZ LTDA,FOB
45453214004149,PROFARMA MT,PROFARMA DISTR DE PROD FARMACÊUTICOS S/A,CIF
11137051080945,BLZ WEB CAJA,BOTICARIO PRODUTOS DE BELEZA LTDA,CIF
06057223055740,SENDAS MT 6,SENDAS DISTRIBUIDORA S A,CIF
33971496000280,MVERDE DISTR,MASTER VERDE DISTRIB E COM DE PROD LTDA,CIF
02543945001408,ULTRAFARMA 2,ULTRAFARMA SAUDE LTDA,CIF
41196974000170,CSA,CSA REPRESENTACOES LTDA,NAO_CONSIDERAR
46054219000174,SOLFARMA SP,SOLFARMA COMERCIO DE PRODUTOS FARMACEUTICOS S.A.,CIF
60628369000337,RECORD NEWS,RADIO E TELEVISAO RECORD S.A,NAO_CONSIDERAR
43214055001693,MARTINS PB,MARTINS COMERCIO E SERVICOS DE DISTRIBUICAO S/A,FOB
01206820003384,PANPHARMASP2,PANPHARMA DISTRIBUIDORA DE MEDICAMENTOS LTDA,FOB
33892715000155,A2 INOVATION,A2 INOVATION REPRESENTACAO COMERCIAL SERVICOS E EVENTOS LTDA,NAO_CONSIDERAR
36321523000187,LD Cargo Sol,LD Cargo Soluções Logísticas,NAO_CONSIDERAR
30161098000120,BARCELOS,BARCELOS PUB LTDA,NAO_CONSIDERAR
15436940001410,AMAZON RJ,AMAZON SERVICOS DE VAREJO DO BRASIL LTDA.,CIF
15436940001509,AMAZON PE 2,AMAZON SERVICOS DE VAREJO DO BRASIL LTDA.,CIF
54505052000300,MINALBA SP,MINALBA ALIMENTOS E BEBIDAS LTDA,CIF
54505052000904,MINALBA SP 2,MINALBA ALIMENTOS E BEBIDAS LTDA,NAO_CONSIDERAR
06057223049189,SENDAS PE 2,SENDAS DISTRIBUIDORA S/A,CIF
06057223043229,SENDAS PB 3,SENDAS DISTRIBUIDORA S/A,CIF
06057223040980,SENDAS PE 3,SENDAS DISTRIBUIDORA S/A,CIF
06057223048700,SENDAS PB 4,SENDAS DISTRIBUIDORA S/A,CIF
06057223028181,SENDAS PE 4,SENDAS DISTRIBUIDORA S/A,CIF
06057223028505,SENDAS PE 5,SENDAS DISTRIBUIDORA S/A,CIF
06057223030160,SENDAS PE 6,SENDAS DISTRIBUIDORA S/A,CIF
06057223042761,SENDAS PE 7,SENDAS DISTRIBUIDORA S/A,CIF
06057223053453,SENDAS PB 5,SENDAS DISTRIBUIDORA S/A,CIF
06057223051914,SENDAS AL 3,SENDAS DISTRIBUIDORA S/A,CIF
06057223052058,SENDAS AL 5,SENDAS DISTRIBUIDORA S/A,CIF
06057223049502,SENDAS RN 1,SENDAS DISTRIBUIDORA S/A,CIF
06057223037768,SENDAS PE 8,SENDAS DISTRIBUIDORA S/A,CIF
06057223038810,SENDAS PE 9,SENDAS DISTRIBUIDORA S/A,CIF
06057223028939,SENDAS PE 10,SENDAS DISTRIBUIDORA S/A,CIF
11064350000138,C M DISTRIB,CEM COMERCIO E DISTRIBUICAO DE GENEROS ALIMENTICIOS LTDA,CIF
06057223027967,SENDAS PE 11,SENDAS DISTRIBUIDORA S/A,CIF
06057223028009,SENDAS PE 12,SENDAS DISTRIBUIDORA S/A,CIF
06057223053291,SENDAS RN 2,SENDAS DISTRIBUIDORA S/A,CIF
06057223046597,SENDAS PE 13,SENDAS DISTRIBUIDORA S/A,CIF
06057223051590,SENDAS PE 14,SENDAS DISTRIBUIDORA S/A,CIF
06057223033770,SENDAS RN 3,SENDAS DISTRIBUIDORA S/A,CIF
01206820003708,PANPHARMA RS,PANPHARMA DISTRIBUIDORA DE MEDICAMENTOS LTDA,FOB
34107370000144,GIANINA SP,GIANINA SAO PAULO DISTRIBUIDORA LTDA,CIF
13262385000107,GIANINA SP 2,GIANINA DRACENA DISTRIBUIDORA LTDA.,CIF
24715566000168,GIANINA SP 3,GIANINA RIO CLARO DISTRIBUICAO HIGIENE E PERFUMARIA LTDA,CIF
37639126000110,ARCOZ SP,ARCOZ DISTRIBUIDORA LTDA,CIF
45453214004220,PROFARMA ES2,PROFARMA DISTRIBUIDORA DE PRODUTOS FARMACEUTICOS S.A,CIF
61940292007140,STA CRUZ SP2,DISTRIBUIDORA DE MEDICAMENTOS SANTA CRUZ LTDA,FOB
46054219001065,SOLFARMA SP2,SOLFARMA COMERCIO DE PRODUTOS FARMACEUTICOS S.A.,CIF
15436940001681,AMAZON CE,AMAZON SERVICOS DE VAREJO DO BRASIL LTDA.,CIF
47739682000112,KDOIS LOCACA,KDOIS LOCACAO E VENDA DE EQUIPAMENTOS LTDA,NAO_CONSIDERAR
07016627000260,MARQUES SASS,MARQUES & SASSO LTDA - TRACK & FIELD,NAO_CONSIDERAR
74522061000155,LC DO BRASIL,LC DO BRASIL TRANSPORTES LTDA,NAO_CONSIDERAR
15436940001762,AMAZON PE 1,AMAZON SERVICOS DE VAREJO DO BRASIL LTDA.,CIF
50470604000170,TRACK&FIELDI,ACJ FRANQUIAS LTDA,NAO_CONSIDERAR
50657322000186,BRUCON,BRUCON ARARAQUARA COMERCIO DE ARTIGOS ESPORTIVOS LTDA,NAO_CONSIDERAR
42362164000109,TRACKFIEL MG,JARDIM BELVEDERE COMERCIO VAREJISTA LTDA,NAO_CONSIDERAR
30395737000200,TRACKFIEL PR,TTM COMERCIO DE ARTIGOS ESPORTIVOS LTDA,NAO_CONSIDERAR
52367766000102,TRACKFIEL MA,R G COMERCIO E EMPREENDIMENTOS LTDA,NAO_CONSIDERAR
33661590000152,TRACKFIEL SP,L.C COMERCIO DE VESTUARIOS LTDA,NAO_CONSIDERAR
30518069000172,TRACKFIEL BA,TF SALVADOR COMERCIO DE ARTIGOS ESPORTIVOS LTDA,NAO_CONSIDERAR
15293880000109,TRACKFIEL GO,HORIZONTE COMERCIO DE ARTIGOS ESPORTIVOS LTDA.,NAO_CONSIDERAR
26437272000147,TRACKFIELGO2,LUZ COMERCIO DE ARTIGOS ESPORTIVOS LTDA,NAO_CONSIDERAR
03262073000573,RCR REPRESEN,RCR REPRESENTAÇÕES E SERVIÇOS LTDA 2,NAO_CONSIDERAR
16577013000168,TRACKFIEL PE,GYM SUD PRODUTOS ESPORTIVOS E MODA PRAIA LTDA,NAO_CONSIDERAR
27582670000110,TRACKFIELSP2,INTERTAQUARAL SPORTS ARTIGOS ESPORTIVOS LTDA,NAO_CONSIDERAR
23713939000107,AZ MARIAS,CINTIA MARIA FAUSTINO FELIX 11412702771,NAO_CONSIDERAR
46549783000168,SELFIE SERV,SELFIE SERVICE PRODUCOES LTDA,NAO_CONSIDERAR
24445585000111,BIABETICA,BIABETICA SAUDE E COMUNICACAO LTDA,NAO_CONSIDERAR
15727497000111,BITE PRODUC,BITE PRODUCOES ARTISTICAS LTDA,NAO_CONSIDERAR
42544795000149,FOSCACHES,FOSCACHES REPRESENTACAO COMERCIAL LTDA,NAO_CONSIDERAR
23048790000261,4 ELOS ES,4 ELOS DISTRIBUIDORA LTDA,CIF
02251194000123,AMA TRABALHO,AMA TRABALHO TEMPORARIO LTDA,NAO_CONSIDERAR
61585865342460,RAIA GO,RAIA DROGASIL S/A,CIF
15436940001843,AMAZON SP 4,AMAZON SERVICOS DE VAREJO DO BRASIL LTDA.,CIF
01206820003899,PANPHARMAMG3,SC DISTRIBUIÇÃO LTDA,FOB
27280857000169,FIRMO CAVALC,FIRMO CAVALCANTI LTDA,NAO_CONSIDERAR
23048790000180,4 ELOS RJ,4 ELOS DISTRIBUIDORA LTDA,NAO_CONSIDERAR
83648477000105,GIASSI SC,GIASSI & CIA LTDA,CIF
82956160000173,MUNDIALMIX,MUNDIALMIX COMERCIO DE ALIMENTOS LTDA,CIF
82956160004322,MUNDIALMIX 2,MUNDIALMIX COMERCIO DE ALIMENTOS LTDA,CIF
82956160005809,MUNDIALMIX 3,MUNDIALMIX COMERCIO DE ALIMENTOS LTDA,CIF
00048785004674,INDAIA BA,INDAIA BRASIL AGUAS MINERAIS LTDA,CIF
00048785003279,INDAIA PB,INDAIA BRASIL AGUAS MINERAIS LTDA,CIF
00048785001810,INDAIA PE,INDAIA BRASIL AGUAS MINERAIS LTDA,CIF
00048785002892,INDAIA CE,INDAIA BRASIL AGUAS MINERAIS LTDA,CIF
60698771000126,INOVALAB MG,INOVALAB DO BRASIL LTDA,NAO_CONSIDERAR
07224991002340,NAZARIA AL,NAZARIA DISTRIBUIDORA DE PRODUTOS FARMACEUTICOS LTDA,CIF
54505052000220,MINALBA SP 3,MINALBA ALIMENTOS E BEBIDAS LTDA,CIF
07224991001107,NAZARIA AL 2,NAZARIA DISTRIBUIDORA DE PRODUTOS FARMACEUTICOS LTDA,CIF
65897910001306,TAUSTE SP,TAUSTE SUPERMERCADOS LTDA,CIF
01206820004518,SC DIST MT,DISTRIBUIDORA DE MEDICAMENTOS SANTA CRUZ LTDA,FOB
01206820004437,SC DIST MS,DISTRIBUIDORA DE MEDICAMENTOS SANTA CRUZ LTDA,FOB
61585865337202,RAIA ES,RAIA DROGASIL S/A,CIF
88212113111947,SÃO JOÃO FAR,COMERCIO DE MEDICAMENTOS BRAIR LTDA,CIF
10344758000109,ALEMOLDE,ALEMOLDE INDUSTRIA E COMERCIO DE EMBALAGENS DE MATERIAL PLASTICO LTDA,NAO_CONSIDERAR
41550495000100,SIMPLES TRAD,ST MARTECH TECNOLOGY LTDA.,NAO_CONSIDERAR
06036468000112,FOCO ASSESSO,FOCO ASSESSORIA E CONSULTORIA LEGISLATIVA LTDA,NAO_CONSIDERAR
56145589000170,KFG,KFG PARTICIPACOES LTDA,NAO_CONSIDERAR
15436940003706,AMAZON MG 2,AMAZON SERVICOS DE VAREJO DO BRASIL LTDA.,CIF
15436940003544,AMAZON RJ 2,AMAZON SERVICOS DE VAREJO DO BRASIL LTDA.,CIF
15436940003463,AMAZON DF 1,AMAZON SERVICOS DE VAREJO DO BRASILLTDA.,CIF
57054794000193,THEBELLA,THEBELLA DISTRIBUIDORA E COMERCIO DE COSMETICOS LTDA,FOB
12006584000191,DROGARIA CID,DROGARIA CIDADE PAISAGEM LTDA,NAO_CONSIDERAR
55451074000136,DROGARIA BOM,DROGARIA BOM PASTOR DE ITAPETININGA LTDA-EPP,NAO_CONSIDERAR
71557680000197,DROGARIA MIR,DROGARIA MIRIM SOROCABA LTDA-ME,NAO_CONSIDERAR
74457243000190,DROGARIA BRI,DROGARIA BRIGADEIRO TOBIAS LTDA-EPP,NAO_CONSIDERAR
02607738000147,DROGARIA SAN,DROGARIA NOVA SANTA FE LTDA - ME,NAO_CONSIDERAR
15685374000327,M DE ARAUJO,G. L. L. M. DE ARAUJO - DROGARIA - FILIAL 02,NAO_CONSIDERAR
13140477000114,DROGARIA VIV,DROGARIA VIVA FARMA MOGI MIRIM LTDA,NAO_CONSIDERAR
15685374000408,ARAUJO DROG,G.L.L.M DE ARAUJO DROGARIA LTDA,NAO_CONSIDERAR
15685374000670,ARAUJO I,G.L.L.M DE ARAUJO DROGARIA LTDA,NAO_CONSIDERAR
30497822000190,MANGUE ARAUJ,L. H. MANGUE DE ARAUJO E ARAUJO DROGARIA LTDA,NAO_CONSIDERAR
20195724000145,DROGARIA TEI,DROGARIA TEIXEIRA & ARAUJO M.GUACU LTDA-ME,NAO_CONSIDERAR
54326301000139,DROGARIA VAL,DROGARIA MIRANTE DO VALE LTDA ME,NAO_CONSIDERAR
12855883000109,DROGARIA ESS,DROGARIA ESSENCIA AREIAS LTDA - MATRIZ,NAO_CONSIDERAR
47550314000121,MOREIRA E,MOREIRA E OLIVEIRA MEDICAMENTOS LTDA,NAO_CONSIDERAR
13737217000120,CARDOSO & SO,CARDOSO & SODERO BITENCOURT LTDA ME,NAO_CONSIDERAR
08044236000131,DROGARIA LAR,DROGARIA LARGO DO PAISSANDU LTDA - ME,NAO_CONSIDERAR
17280086000156,DROGARIA MAN,DROGARIA MANGUE & ARAUJO LTDA,NAO_CONSIDERAR
15329061000174,DANIELA CRIS,DANIELA CRISTINA SOUZA SANTOS - ME,NAO_CONSIDERAR
12312801000171,DROGARIA DOM,DROGARIA DOMINGUES & SANT ANA LTDA,NAO_CONSIDERAR
23056014000122,SAUDEBIG COM,SAUDEBIG COMERCIO DE MEDICAMENTOS LTDA,NAO_CONSIDERAR
34038090000202,DROGARIA ULT,DROGARIA ULTRA POPULAR DE ARARAS LTDA - FILIAL 01,NAO_CONSIDERAR
34038090000393,DROGARIA POP,DROGARIA ULTRA POPULAR DE ARARAS LTDA,NAO_CONSIDERAR
14854313000111,DROG ULT LIM,DROGARIA ULTRAPOPULAR LIMAO LTDA - EPP,NAO_CONSIDERAR
35580435000137,DROG ULT SC,DROGARIA ULTRAPOPULAR SANTA CECILIA LTDA,NAO_CONSIDERAR
43549179000143,DROGALENE LT,DROGALENE LTDA,NAO_CONSIDERAR
51666022000126,DROGALELLA L,DROGALELLA LTDA - EPP,NAO_CONSIDERAR
02607738000228,DROG NOVA,DROGARIA NOVA SANTA FE LTDA - FILIAL 01,NAO_CONSIDERAR
03485266000160,DROGARIA MAR,DROGARIA MARIUSA LTDA - EPP - MATRIZ,NAO_CONSIDERAR
09577887000150,M. T. DE ARA,M. T. DE ARAUJO - DROGARIA,NAO_CONSIDERAR
15685374000165,G. L. L. M.,G. L. L. M. DE ARAUJO - DROGARIA,NAO_CONSIDERAR
15685374000246,G. L. L. M,G. L. L. M. DE ARAUJO - DROGARIA - 11,NAO_CONSIDERAR
15685374000599,G. L. L M.,G.L.L.M DE ARAUJO DROGARIA LTDA - (MAXI),NAO_CONSIDERAR
29930498000173,DROGARIA FAB,DROGARIA FABRIME LTDA,NAO_CONSIDERAR
34038090000121,DROG ULT POP,DROGARIA ULTRA POPULAR DE ARARAS LTDA ME,NAO_CONSIDERAR
02111827000106,ROBSON GONÇA,ROBSON GONÇALVES DA FONSECA TAUBATÉ ME,NAO_CONSIDERAR
03803912000270,DBB COMERCIO,DBB COMERCIO FARMACEUTICO LTDA - FILIAL 01,NAO_CONSIDERAR
03803912000351,DBB COMERCI,DBB COMERCIO FARMACEUTICO LTDA - FILIAL 03,NAO_CONSIDERAR
49536972000275,ELIMAR DROGA,ELIMAR DROGARIA LTDA - EPP - FILIAL 01,NAO_CONSIDERAR
50358415000100,DROG SANTAN,DROGARIA SANTANA SOROCABA LTDA-ME,NAO_CONSIDERAR
05234686000107,DROGARIA DUT,DROGARIA DUTRA VARO LTDA - EPP,NAO_CONSIDERAR
42940130000154,DROG DUTRA,DROGARIA DUTRA & SILVA LTDA,NAO_CONSIDERAR
37639126000200,ARCOZ LAPA,ARCOZ DISTRIBUIDORA LTDA,CIF
06057223046830,SENDAS CE 7,SENDAS DISTRIBUIDOR S/A,CIF
45503195000120,CAPITAL DROG,CAPITAL DROGARIA E PERFUMARIA LTDA,NAO_CONSIDERAR
18469209000164,Drogaria Dro,Drogaria Drogamaxi 30 Ltda,NAO_CONSIDERAR
03208878000105,LUZA DROGARI,Drogaria Drogamaxi 30 Ltda,NAO_CONSIDERAR
24412378000160,Vera Lucia d,Vera Lucia de Almeida Lima,NAO_CONSIDERAR
61412110137371,DSPNOVAODESS,DROGARIA SÃO PAULO - NOVA ODESSA,CIF
58507232000110,ALCANCE BR,ALCANCE BR LTDA,NAO_CONSIDERAR
61585865374159,RAIA ITUPEVA,RAIA DROGASIL S/A,CIF
01928075013501,DMA DISTRIBU,DMA DISTRIBUIDORA S/A,CIF
21378906001277,PORTO SECO,PORTO SECO SUL DE MINAS LTDA,CIF
43770912000155,Drogaria Gar,Drogaria e Perfumaria Garça,NAO_CONSIDERAR
11880769000168,FARMACIA GRU,FARMACIA GRUPO DESCONTAO LTDA,NAO_CONSIDERAR
11880769000591,FARMACIA DES,FARMACIA GRUPO DESCONTAO LTDA,NAO_CONSIDERAR
11880769000320,FARM DES,FARMACIA GRUPO DESCONTAO LTDA,NAO_CONSIDERAR
67925081000101,FARMACIA VIV,FARMACIA VIVER LTDA.,NAO_CONSIDERAR
58698849000160,RAIZES PHARM,Raízes Pharmacia Ltda,NAO_CONSIDERAR
23241113000184,TATIANE TEIX,TATIANE TEIXEIRA - DROGARIA,NAO_CONSIDERAR
23241113000265,TATIANE DROG,TATIANE TEIXEIRA - DROGARIA,NAO_CONSIDERAR
33786938000138,Drogaria Ita,Drogaria Italifarma Parque das americas Ltda,NAO_CONSIDERAR
10907521000180,DROGARIA RIO,DROGARIA RIOFARMA DE OSASCO LTDA,NAO_CONSIDERAR
45566844000132,DROGARIA TAN,DROGARIA TANJA FARMA LTDA,NAO_CONSIDERAR
55930524000173,Mota drogari,Mota drogaria Ltda,NAO_CONSIDERAR
10523519000108,Drogaria Acp,Drogaria Acpharma Ltda,NAO_CONSIDERAR
47047893000194,DROGARIA E P,DROGARIA E PERFUMARIA SAOLI LTDA,NAO_CONSIDERAR
27635459000118,DROGARIA MEP,DROGARIA MEP DA PAVUNA LTDA,NAO_CONSIDERAR
28327435000164,FARMACIA DRO,FARMACIA DROGA POPULAR DO MALLET LTDA,NAO_CONSIDERAR
47431041000104,DROGARIA MPP,DROGARIA MEP DE SANTA CRUZ LTDA,NAO_CONSIDERAR
55770270000173,DROGARIA RGR,DROGARIA MEP DO RIO GRANDE LTDA,NAO_CONSIDERAR
20983467000106,DROGARIA MEI,DROGARIA MEIRELES & SBARDELINI LTDA,NAO_CONSIDERAR
59351857000107,DROGARIA CEN,DROGARIA CENTRAL DA MERITI LTDA,NAO_CONSIDERAR
17588146000100,DROGAMAXI DR,DROGAMAXI DROGARIA LTDA,NAO_CONSIDERAR
29459325000119,ULTRAPOPULAR,ULTRACERES DROGARIA LTDA,NAO_CONSIDERAR
00484543000121,DROG. PARANA,DROGARIA PARANA LTDA,NAO_CONSIDERAR
29459325000208,ULTRA POPULA,ULTRACERES DROGARIA LTDA,NAO_CONSIDERAR
20884408000261,ULTRA NOVA,DROGARIAS ULTRA POPULAR NOVA ANDRADINA LTDA,NAO_CONSIDERAR
20884408000180,DROAGA ULTRA,DROGARIAS ULTRA POPULAR NOVA ANDRADINA LTDA,NAO_CONSIDERAR
22516839000110,DR. ULTRA,CML BRASIL COMERCIO DE MEDICAMENTOS LTDA,NAO_CONSIDERAR
34713312000164,ULTRA JP,ULTRA JP COMERCIO DE MEDICAMENTOS LTDA,NAO_CONSIDERAR
45676232000283,FARM. ULTRA,FARMACIA ULTRA POPULAR DE GOIAS LTDA,NAO_CONSIDERAR
45676232000364,F. ULTRA GO,FARMACIA ULTRA POPULAR DE GOIAS LTDA,NAO_CONSIDERAR
45676232000445,FARM. POPULA,FARMACIA ULTRA POPULAR DE GOIAS LTDA,NAO_CONSIDERAR
26145315000110,ULTRA. POPUL,FARMACIA ULTRA POPULAR DE GOIAS LTDA,NAO_CONSIDERAR
55360138000193,AC FARMA,AC FARMA DROGARIA LTDA.,NAO_CONSIDERAR
04878620000189,AC. FARMA,AC FARMA DROGARIA LTDA.,NAO_CONSIDERAR
21909642000340,FAR. MARTINS,FARMACIA MARTINS E ANDRADE LTDA,NAO_CONSIDERAR
41281983000169,M&A DROGARIA,DROGARIAS ULTRA POPULAR,NAO_CONSIDERAR
21136551000157,REALDROGAS L,REALDROGAS LTDA,NAO_CONSIDERAR
24690082000101,DR. MOREIRA,DROGARIA MOREIRA E ORDONES LTDA,NAO_CONSIDERAR
28325996000124,ULTRA JARDIM,DROGARIA ULTRA POPULAR JARDIM ATLANTICO,NAO_CONSIDERAR
19713710000197,SL DROGARIA,DROGARIA ULTRA POPULAR,NAO_CONSIDERAR
26169121000155,ULTRA P.,MARTINS DE PAULA COMERCIO LTDA,NAO_CONSIDERAR
26169121000317,ULTRA POP.,MARTINS DE PAULA COMERCIO LTDA,NAO_CONSIDERAR
21909642000188,AC FARMA M A,FARMACIA MARTINS E ANDRADE LTDA,NAO_CONSIDERAR
01206820004607,SC DIST PR,DISTRIBUIDORA DE MEDICAMENTOS SANTA CRUZ LTDA,FOB
27201095000168,ULTRA SETOR,A Q DA COSTA LTDA,NAO_CONSIDERAR
27134933000390,ULTRA OFERTA,DROGARIA ULTRA OFERTA LTDA,NAO_CONSIDERAR
34081317000111,SNA FARMACÊU,DROGARIAS ULTRA POPULAR,NAO_CONSIDERAR
78533395000185,FAR. LEANDRO,DROGARIAS ULTRAPOPULAR,NAO_CONSIDERAR
11207491000162,"DROG, VIDA",DROGARIA VIDA BELLA LTDA,NAO_CONSIDERAR
11207491000243,"DROG, VIDA B",DROGARIA VIDA BELLA LTDA,NAO_CONSIDERAR
21559616000177,LAMBERT E AM,L.L.A. DROGARIA LAMBERT E ALMEIDA LTDA,NAO_CONSIDERAR
11421496000193,ATTIVA PROD.,ATTIVA PRODUTOS FARMACEUTICOS LTDA,NAO_CONSIDERAR
20868302000193,ULTRA SAUDE,ULTRA SAUDE FARMACEUTICA LTDA,NAO_CONSIDERAR
02852571000180,DROG. REAL,DROGARIA REAL FARMA DE OSASCO LTDA,NAO_CONSIDERAR
14169897001168,DROGACLARA,DROGARIA WANESSA LTDA,NAO_CONSIDERAR
17409785000153,UNIAO PHARMA,DROGARIA R & N LTDA,NAO_CONSIDERAR
05009812000111,ULTRA S.J. B,L A LABORATORIO FARMACEUTICO LTDA,NAO_CONSIDERAR
33971496000795,GOOXXY MG,GOOXXY BRASIL S.A.,CIF
58649393000149,S. VICENTE,DROGARIA SAO VICENTE RIACHO GRANDE LTDA,NAO_CONSIDERAR
13852178000293,F. BIOFARMA,JULIANA DE SOUZA PESSOA,NAO_CONSIDERAR
13008466000185,DROG MESSIAS,DROGARIA FORTALEZA LTDA,NAO_CONSIDERAR
01222587000146,DROG. MESSIA,DROGARIA VASCONCELOS LIMITADA,NAO_CONSIDERAR
57590879000196,DROG. ITOBI,DROGARIA ITOBI LTDA,NAO_CONSIDERAR
49435087000119,DONA FARMA,DROGARIA CENTRAL DE BANGU LTDA,NAO_CONSIDERAR
10209334000123,D. SAO PEDRO,DROGARIA PEDRO E SOUSA LTDA,NAO_CONSIDERAR
07757125000100,D. ATRACAO,DROGARIA ATRACAO DO MEIER LTDA,NAO_CONSIDERAR
03774634000190,DISK FRALDAS,C. F. BARROSO FRALDAS & MEDICAMENTOS,NAO_CONSIDERAR
33995044000158,DROG. JOVEM,DROGARIA JOVEM DA PIEDADE LTDA,NAO_CONSIDERAR
06626253149031,PAGUE M. PB,EMPREENDIMENTOS PAGUE MENOS S/A,CIF
06626253149384,PAGUE M PB,EMPREENDIMENTOS PAGUE MENOS S/A,CIF
37351602000284,BELA ES,"BELA COM. IMP. E EXP., FAB. DE PRODUTOS E EQUIPAMENTOS LTDA",CIF
37351602000101,BELA MG,"BELA COMERCIO IMPORTACAO E EXPORTACAO, FABRICACAO DE PRODUTOS E",NAO_CONSIDERAR
37351602000608,BELA SC,"BELA COMERCIO IMPORTACAO E EXPORTACAO, FABRICACAO DE PRODUTOS E",NAO_CONSIDERAR
33438250076147,PACHECO CD V,DROGARIAS PACHECO S/A,CIF
50780359000105,DROGAMAXI MT,DROGARIAS MAXI POPULAR,NAO_CONSIDERAR
11969857000130,FARMA BRATOL,BRATOL - COM. DE PROD. FARMACEUTICOS LTDA,NAO_CONSIDERAR
13043546000171,DROGA ULTRA,DROGARIAS ULTRA POPULAR,NAO_CONSIDERAR
05009272000176,FARMACEU,FARMACEU DROGARIA LTDA,NAO_CONSIDERAR
05009272000338,FARMACEU DR,FARMACEU DROGARIA LTDA,NAO_CONSIDERAR
02997350000108,ULTRA POP,DROGARIAS ULTRA POPULAR,NAO_CONSIDERAR
22729846000108,J & C ULTRA,DROGARIA ULTRA POPULAR,NAO_CONSIDERAR
43267239000135,ANG DROGARIA,ANG DROGARIA LTDA,NAO_CONSIDERAR
03712406000276,BOM REPOUSO,DROGA CENTRO DE BOM REPOUSO LTDA,NAO_CONSIDERAR
29285269000224,DROG. CAMPOS,DROGARIA CAMPOS ELISEOS LTDA - FILIAL 01,NAO_CONSIDERAR
04050862000180,OLIVEIRA & I,OLIVEIRA & IBANHEZ LTDA,NAO_CONSIDERAR
04050862000260,OLIVEIRA &,OLIVEIRA & IBANHEZ LTDA,NAO_CONSIDERAR
04050862000341,FARMATOTAL,OLIVEIRA & IBANHEZ LTDA,NAO_CONSIDERAR
27545412000244,ULTRA RIO C.,C. J. DA SILVA & CIA LTDA,NAO_CONSIDERAR
27545412000406,DIAMANTINO,C. J. DA SILVA & CIA LTDA,NAO_CONSIDERAR
27545412000163,BRASNORTE,C. J. DA SILVA & CIA LTDA,NAO_CONSIDERAR
15436940001258,AMAZON GRU,AMAZON SERVICOS DE VAREJO BRASIL LTDA,CIF
52969068000187,MAIS BARATO,DROGARIA RAPIDA TIRADENTES LTDA,NAO_CONSIDERAR
28377943000157,DROGA COSMO,DROGA COSMO LTDA,NAO_CONSIDERAR
48597785000158,JORDAFARMA,JORDAFARMA LTDA,NAO_CONSIDERAR
53640064000113,CMC FARMA,CMC FARMA LTDA,NAO_CONSIDERAR
62172730000127,PERFARMA,DROGARIA PERFARMA LTDA,NAO_CONSIDERAR
46618443000141,SAO LOURENCO,DROGARIA SAO LOURENCO LTDA,NAO_CONSIDERAR
55365750000159,DF SAUDE,DROGA ISIS LTDA,NAO_CONSIDERAR
26542337000114,ULTRA VIP,VIP EMPREENDIMENTOS FARMACEUTICOS LTDA,NAO_CONSIDERAR
34430187000185,DROG. LIDER,DROGARIA LIDER,NAO_CONSIDERAR
63373224000169,DRG. MUNDIAL,DROGARIA RAINHA DA ABOLICAO LTDA,NAO_CONSIDERAR
39319632000158,DROG. ISAS,DROGARIA ISAS LTDA,NAO_CONSIDERAR
12163373000162,CRISTINA FAR,JC SIQUEIRA DROGARIA LTDA,NAO_CONSIDERAR
43625543000107,CRIS. FARMA,CRISTINA FARMA DROGARIA LTDA.,NAO_CONSIDERAR
09118677000101,DRG. RAFAELA,DROGARIA RAFAELA DE OSASCO LTDA,NAO_CONSIDERAR
40734826000107,KFARMA,KFARMA COMERCIO DE PRODUTOS FARMACEUTICOS LTDA,NAO_CONSIDERAR
12225997000167,DROG MUNDIAL,DROGARIA RAFAELA LTDA,NAO_CONSIDERAR
10915021000190,TOP ALTO,TOP ALTO PARTICIPACOES E COMERCIO LTDA,CIF
24907925000189,Drog. PRO VD,Drogaria pro vida LTDA,NAO_CONSIDERAR
21471885000187,FARMACAMPOS,ZMC DROGARIA COMERCIO VAREJISTA DE PRODUTOS FARMACEUTICOS LTDA,NAO_CONSIDERAR
23546448000100,DSG FARMA,RIBEIRO & CIA LTDA,NAO_CONSIDERAR
69294643000191,MONTE KEMEL,DROGARIA MONTE KEMEL LIMITADA,NAO_CONSIDERAR
36687681000155,LCAMPOS,LCAMPOS COMERCIO VAREJISTA DE PRODUTOS FARMACEUTICOS LTDA,NAO_CONSIDERAR
52201528000122,FCAMPOS DROG,FCAMPOS SUZANO DROGARIA LTDA,NAO_CONSIDERAR
62547923000115,FARMA CAMPOS,FARMA CAMPOS TAUBATE LTDA,NAO_CONSIDERAR
16753056000157,DROG. BARATO,DROGARIA LIDER DO LARANJAL LTDA,NAO_CONSIDERAR
53573934000189,D. M. BARATO,DROGARIA LIDER DAS MISSOES LTDA,NAO_CONSIDERAR
